feature	metadata	value	coef	stderr	N	N.not.0	pval	qval
Prevotella_timonensis	VAGINAL_SMELL	FI	1.12058789649829	0.0767018694978475	10001	7055	7.59172793046893e-48	1.03019748016463e-44
Lactobacillus_crispatus	VAGINAL_SMELL	FI	-1.34643329913268	0.0948793582024759	10001	9982	2.86756262324322e-45	1.94564123987052e-42
Coriobacteriales_bacterium	VAGINAL_SMELL	FI	0.946052571384439	0.0697857981716233	10001	5783	1.68794271903475e-41	7.6351275657672e-39
Tissierellia_bacterium	VAGINAL_SMELL	FI	0.429858103013553	0.0341217237808783	10001	1571	4.0871438944359e-36	1.38656356618738e-33
Dialister_microaerophilus	VAGINAL_SMELL	FI	0.607605312533388	0.0485031035175749	10001	3641	9.84455423136697e-36	2.671812018393e-33
Prevotella_buccalis	VAGINAL_SMELL	FI	0.776909453926367	0.0634391086665555	10001	4919	3.08617424428521e-34	6.97989741582506e-32
Sneathia_sanguinegens	ODOROUS_DISCHARGE	YES	0.454151968112216	0.0381256898009412	10001	1822	1.70198963281682e-32	3.29942847390346e-30
Lactobacillus_jensenii	VAGINAL_SMELL	FI	-0.940150532662887	0.0800771790490616	10001	7995	1.27436191658208e-31	2.16163640100236e-29
Megasphaera_lornae	VAGINAL_SMELL	FI	0.922348908951856	0.0788664673966055	10001	7418	2.1640091909456e-31	3.26284496901464e-29
Lactobacillus_crispatus	ODOROUS_DISCHARGE	YES	-1.03542965718308	0.0886350163126923	10001	9982	2.52026956530132e-31	3.42000580011389e-29
Fannyhessea_vaginae	VAGINAL_SMELL	FI	0.942599825132636	0.0825547927403599	10001	7782	5.22707219100807e-30	6.44830633017995e-28
Peptoniphilus_vaginalis	VAGINAL_SMELL	FI	0.348458186616608	0.031200740830515	10001	1294	8.6361458532891e-29	9.76604160242776e-27
Gardnerella_spA	VAGINAL_SMELL	FI	0.774894681878133	0.0728650864394695	10001	7946	2.84190442891131e-26	2.96651100771742e-24
Anaerococcus_tetradius	VAGINAL_SMELL	FI	0.362751736039521	0.0346524941306689	10001	1373	1.63782080995384e-25	1.58751631364812e-23
Prevotella_bivia	VAGINAL_SMELL	FI	0.782718229366428	0.075105206849014	10001	6985	2.6635821257935e-25	2.40965396313452e-23
Coriobacteriales_bacterium	ODOROUS_DISCHARGE	YES	0.670757838789356	0.0651929510962341	10001	5783	1.05153234893075e-24	8.91830873436892e-23
Gardnerella_spG	VAGINAL_SMELL	FI	0.485644596877555	0.0476370489687073	10001	3714	2.75430944061119e-24	2.19858700641729e-22
Gardnerella_vaginalis	VAGINAL_SMELL	FI	0.722550122658201	0.0712327465269498	10001	9991	4.6324651225319e-24	3.4923639840421e-22
Tissierellia_bacterium	VAGINAL_SMELL	RO	0.656275217068709	0.06518496522977	10001	1571	9.94220207790821e-24	7.10082537880076e-22
Sneathia_sanguinegens	VAGINAL_SMELL	FI	0.410490287367218	0.0408116467940671	10001	1822	1.09641242596086e-23	7.43915831014445e-22
Prevotella_buccalis	VAGINAL_SMELL	RO	1.21681539536392	0.12119188699823	10001	4919	1.31057795067868e-23	8.46882990033795e-22
Peptoniphilus_lacrimalis	VAGINAL_SMELL	FI	0.350923789993893	0.0349930312492992	10001	1597	1.4784039960303e-23	9.11906464824142e-22
Prevotella_timonensis	VAGINAL_SMELL	RO	1.42745781090165	0.146528608237472	10001	7055	2.51345759421519e-22	1.48293998058696e-20
Gardnerella_leopoldii	VAGINAL_SMELL	FI	0.734085781760852	0.0755231350092071	10001	8197	3.10873514768059e-22	1.75773066475107e-20
Sneathia_vaginalis	VAGINAL_SMELL	FI	0.612221457896617	0.0630586208748564	10001	4113	3.46791798347192e-22	1.88238588142856e-20
Megasphaera_lornae	ODOROUS_DISCHARGE	YES	0.714464769008363	0.0736759897690806	10001	7418	3.87310775005505e-22	2.02146431416335e-20
Dialister_microaerophilus	VAGINAL_SMELL	RO	0.896950256084886	0.0926586574767611	10001	3641	4.57770907021965e-22	2.30072266973632e-20
Prevotella_disiens	VAGINAL_SMELL	FI	0.513369010563479	0.0532835980068803	10001	3279	7.10739242016182e-22	3.44454696934271e-20
Prevotella_corporis	VAGINAL_SMELL	RO	0.605260314990098	0.06287421457744	10001	1481	7.68675669547731e-22	3.59687201233197e-20
Lactobacillus_jensenii	ODOROUS_DISCHARGE	YES	-0.719584463854322	0.0748070202597844	10001	7995	8.24819948266649e-22	3.73093556599281e-20
Prevotella_amnii	VAGINAL_SMELL	FI	0.663375362790411	0.0691944231117129	10001	5524	1.12297481890364e-21	4.91573170726531e-20
Peptoniphilus_lacrimalis	VAGINAL_SMELL	RO	0.632980409919472	0.0668494809909956	10001	1597	3.47567671850819e-21	1.47390415844238e-19
Mageeibacillus_indolicus	VAGINAL_SMELL	FI	0.336773279774795	0.0356616690961105	10001	1541	4.41199055854399e-21	1.81426399634673e-19
Gardnerella_piotii	VAGINAL_SMELL	FI	0.679353318410489	0.0726331840850149	10001	9242	1.03335829579471e-20	4.124315315863e-19
Peptoniphilus_harei	VAGINAL_SMELL	FI	0.496723977669131	0.0534128510087883	10001	2620	1.70407686947553e-20	6.60694946250942e-19
Lactobacillus_gasseri	ODOROUS_DISCHARGE	YES	-0.72841838043611	0.0785979908914134	10001	7727	2.29672279460628e-20	8.65736897855756e-19
Prevotella_corporis	VAGINAL_SMELL	FI	0.304821776584007	0.0329121381777049	10001	1481	2.42756335650967e-20	8.90325263455032e-19
Prevotella_timonensis	ODOROUS_DISCHARGE	YES	0.662157471471868	0.0716538516169927	10001	7055	2.93944965339963e-20	1.04969294201666e-18
Lactobacillus_amylovorus	VAGINAL_SMELL	FI	-0.516750802679801	0.0590091912650372	10001	4517	2.32807097164813e-18	8.10049309878592e-17
Sneathia_sanguinegens	VAGINAL_SMELL	RO	0.669663836641457	0.0779651636102789	10001	1822	1.00613471370797e-17	3.41331201625428e-16
Gardnerella_swidsinskii	VAGINAL_SMELL	FI	0.63604556626861	0.0740964765117086	10001	9970	1.05281152383952e-17	3.48454936061033e-16
Lactobacillus_mulieris	VAGINAL_SMELL	FI	-0.600248544852219	0.0718089743204667	10001	6140	7.17133767283637e-17	2.31702505286642e-15
Lactobacillus_crispatus	VAGINAL_SMELL	RO	-1.50344343356148	0.181254256237699	10001	9982	1.22956887154155e-16	3.88029060158577e-15
Sneathia_vaginalis	ODOROUS_DISCHARGE	YES	0.482530183868504	0.0589085128292207	10001	4113	2.90388141616991e-16	8.95583427668764e-15
Lactobacillus_gasseri	VAGINAL_SMELL	FI	-0.682687091301604	0.0841352237751377	10001	7727	5.46783745692636e-16	1.6488567620109e-14
Clostridiales_bacterium	VAGINAL_SMELL	FI	0.230711658318909	0.0287670793035111	10001	1089	1.17628942411875e-15	3.47005380115032e-14
Finegoldia_magna	VAGINAL_SMELL	FI	0.484309508375856	0.0604754259936153	10001	3880	1.29213360665733e-15	3.73069213666808e-14
Megasphaera_hutchinsoni	VAGINAL_SMELL	FI	0.311576536088285	0.0389455904054573	10001	3008	1.37907480173469e-15	3.89875938740412e-14
Prevotella_disiens	VAGINAL_SMELL	RO	0.806061142716391	0.101791149406759	10001	3279	2.6541620023535e-15	7.3504037493749e-14
Prevotella_buccalis	ODOROUS_DISCHARGE	YES	0.461768226175746	0.0592639593906536	10001	4919	7.26900911343167e-15	1.97280907338535e-13
Peptostreptococcus_anaerobius	ODOROUS_DISCHARGE	YES	0.246919449309098	0.0317118648346102	10001	1064	7.5830981302407e-15	2.01769885543855e-13
Mageeibacillus_indolicus	VAGINAL_SMELL	RO	0.526269811758143	0.0681268236913701	10001	1541	1.22751612227689e-14	3.2033449575572e-13
Tissierellia_bacterium	ODOROUS_DISCHARGE	YES	0.245088102871274	0.0318760539830086	10001	1571	1.62554377491003e-14	4.16200547651492e-13
Lactobacillus_jensenii	VAGINAL_SMELL	SO	-0.759926891142432	0.0991434702434301	10001	7995	1.95609935536923e-14	4.91560523191861e-13
Gardnerella_leopoldii	ODOROUS_DISCHARGE	YES	0.538549838743773	0.070552693761287	10001	8197	2.4977744938282e-14	6.06905823175216e-13
Peptostreptococcus_anaerobius	VAGINAL_SMELL	RO	0.494990646124584	0.0648492064832465	10001	1064	2.50454871759853e-14	6.06905823175216e-13
Peptoniphilus_vaginalis	VAGINAL_SMELL	RO	0.451871246202048	0.0596048200624592	10001	1294	3.73093181061712e-14	8.88223590703057e-13
Anaerococcus_tetradius	VAGINAL_SMELL	RO	0.50152114819342	0.0661989306149386	10001	1373	3.88105777505397e-14	9.08033689784179e-13
Dialister_microaerophilus	ODOROUS_DISCHARGE	YES	0.342603440804972	0.0453109448982789	10001	3641	4.34672188886189e-14	9.99746034438235e-13
Peptostreptococcus_anaerobius	VAGINAL_SMELL	FI	0.256574848202767	0.0339459674977307	10001	1064	4.44185493832518e-14	1.00459952521788e-12
Gardnerella_spB	VAGINAL_SMELL	FI	0.427388193967568	0.0572382951136266	10001	4636	8.9029379762802e-14	1.98053882521512e-12
Gardnerella_vaginalis	ODOROUS_DISCHARGE	YES	0.493949603754674	0.0665446707274345	10001	9991	1.24011475638621e-13	2.71425116841303e-12
Prevotella_timonensis	VAGINAL_SMELL	MU	0.6485920657067	0.0878236279260338	10001	7055	1.64446250452113e-13	3.54212002957964e-12
Prevotella_bivia	ODOROUS_DISCHARGE	YES	0.512949377200138	0.0701622709127556	10001	6985	2.85733778239522e-13	6.05844901673486e-12
Megasphaera_hutchinsoni	VAGINAL_SMELL	RO	0.543314061974654	0.0744003137923313	10001	3008	3.03883319613702e-13	6.34414868793528e-12
Gardnerella_swidsinskii	ODOROUS_DISCHARGE	YES	0.504022759465364	0.0692199286415171	10001	9970	3.55147083558237e-13	7.30203927861405e-12
Clostridiales_bacterium	VAGINAL_SMELL	MU	0.239300571754835	0.0329383010585051	10001	1089	4.00616374651314e-13	8.11397642390796e-12
Fannyhessea_vaginae	VAGINAL_SMELL	SO	0.74058784928555	0.102211001120454	10001	7782	4.62143693513774e-13	9.22248517791457e-12
Dialister_microaerophilus	VAGINAL_SMELL	MU	0.401100145944692	0.0555360455289156	10001	3641	5.48350792432374e-13	1.078423225117e-11
Candida_albicans	EXCESSIVE_DISCHARGE	YES	0.201276265464868	0.0279377025913423	10001	1027	6.24867291578419e-13	1.21134987810274e-11
Gardnerella_spG	ODOROUS_DISCHARGE	YES	0.318655772205269	0.0445018884236056	10001	3714	8.60559088715651e-13	1.64475870899597e-11
Fannyhessea_vaginae	ODOROUS_DISCHARGE	YES	0.551822451233186	0.0771215735420287	10001	7782	8.94112335858502e-13	1.68515338855554e-11
Lactobacillus_amylovorus	ODOROUS_DISCHARGE	YES	-0.393629774755613	0.0551255903229631	10001	4517	9.94086349550186e-13	1.84791120046521e-11
Lactobacillus_gasseri	VAGINAL_SMELL	SO	-0.735756766368299	0.104167731104315	10001	7727	1.73583709769343e-12	3.18314992104052e-11
Prevotella_amnii	VAGINAL_SMELL	RO	0.932507267438049	0.13218664137826	10001	5524	1.84764129828384e-12	3.34299898902823e-11
Coriobacteriales_bacterium	VAGINAL_SMELL	RO	0.939708768475047	0.13331638391312	10001	5783	1.92538599655199e-12	3.43782736489612e-11
Sneathia_vaginalis	VAGINAL_SMELL	RO	0.84113119454724	0.120465016233097	10001	4113	3.0874093477445e-12	5.4410577725835e-11
Peptoniphilus_harei	VAGINAL_SMELL	CL	0.702770610504344	0.101929236328814	10001	2620	5.72512336903162e-12	9.96024668176398e-11
Lactobacillus_jensenii	VAGINAL_SMELL	RO	-1.04905449210687	0.152976683286333	10001	7995	7.41715071347797e-12	1.27405993901134e-10
Megasphaera_lornae	VAGINAL_SMELL	SO	0.669266276799524	0.0976444894337402	10001	7418	7.60004700121227e-12	1.28915797258063e-10
Clostridiales_bacterium	VAGINAL_SMELL	RO	0.373087648745068	0.0549556369485722	10001	1089	1.19431949409769e-11	2.00085376974144e-10
Peptoniphilus_harei	VAGINAL_SMELL	MU	0.411425299521351	0.0611577055966824	10001	2620	1.82341356531169e-11	3.01752708308289e-10
Lactobacillus_helveticus	VAGINAL_SMELL	FI	-0.186495451642319	0.0278116033982488	10001	2679	2.1134089826735e-11	3.45529637287704e-10
Lactobacillus_rodentium	VAGINAL_SMELL	FI	-0.136223284900791	0.020579531289599	10001	2119	3.79310461460999e-11	6.12767019288781e-10
Tissierellia_bacterium	VAGINAL_SMELL	MU	0.258022192134208	0.0390693681020493	10001	1571	4.20010812464243e-11	6.70534908839974e-10
Prevotella_sp	ODOROUS_DISCHARGE	YES	0.23708755650908	0.0361341250403791	10001	1542	5.59806042342926e-11	8.83321859836455e-10
Megasphaera_hutchinsoni	ODOROUS_DISCHARGE	YES	0.238452290102008	0.0363824450996873	10001	3008	5.87649717045393e-11	9.16598466701837e-10
Prevotella_bivia	VAGINAL_SMELL	RO	0.937264752739029	0.143478398936317	10001	6985	6.78598141745881e-11	1.04642917994223e-09
Lactobacillus_crispatus	VAGINAL_SMELL	SO	-0.764613982177322	0.117470032515751	10001	9982	7.92823045808131e-11	1.20883244175464e-09
Prevotella_sp	VAGINAL_SMELL	RO	0.479297696814936	0.0738925114639602	10001	1542	9.20681809908908e-11	1.38818357338488e-09
Dialister_microaerophilus	VAGINAL_SMELL	CL	0.59898651730633	0.0925598279767989	10001	3641	1.01696851446229e-10	1.5165123891487e-09
Gardnerella_spG	VAGINAL_SMELL	SO	0.379659350400757	0.058979379680948	10001	3714	1.27332107592314e-10	1.87814858698663e-09
Aerococcus_christensenii	ODOROUS_DISCHARGE	YES	0.339901247712963	0.0534375259793844	10001	3629	2.09611615564091e-10	3.05852647656421e-09
Corynebacterium_pseudogenitalium	VAGINAL_SMELL	CL	0.386143150471995	0.0614359348747592	10001	1016	3.4090649085193e-10	4.92138412857521e-09
Fannyhessea_vaginae	VAGINAL_SMELL	RO	0.98611240428187	0.157709831100236	10001	7782	4.19935023976387e-10	5.99844028985218e-09
Megasphaera_lornae	VAGINAL_SMELL	RO	0.937364772226199	0.150663781468258	10001	7418	5.11975817182437e-10	7.1650424726029e-09
Tissierellia_bacterium	VAGINAL_SMELL	SO	0.2628342743002	0.0422460699352482	10001	1571	5.12165895241328e-10	7.1650424726029e-09
Lactobacillus_gasseri	VAGINAL_SMELL	RO	-0.998739611030908	0.160729032085263	10001	7727	5.37811263446353e-10	7.44703963772144e-09
Finegoldia_magna	VAGINAL_SMELL	CL	0.715410332527973	0.11540694555276	10001	3880	5.90629434682932e-10	8.09579942287615e-09
Gardnerella_spA	VAGINAL_SMELL	RO	0.861960306601593	0.139198950103533	10001	7946	6.16325905210877e-10	8.3635425337116e-09
Prevotella_timonensis	VAGINAL_SMELL	SO	0.585121817136053	0.0949645030766655	10001	7055	7.48524204035211e-10	1.00569044047107e-08
Peptoniphilus_vaginalis	VAGINAL_SMELL	MU	0.218561462688088	0.0357248431055863	10001	1294	9.83697594592e-10	1.30870356456995e-08
Prevotella_disiens	ODOROUS_DISCHARGE	YES	0.302975459593232	0.0497768183513655	10001	3279	1.19519897429883e-09	1.57464563895487e-08
Anaerococcus_vaginalis	VAGINAL_SMELL	FI	0.242222755959771	0.0399070974371786	10001	1221	1.32841444171551e-09	1.73332538212302e-08
Coriobacteriales_bacterium	VAGINAL_SMELL	SO	0.522840798899192	0.0864017225207616	10001	5783	1.48869157548204e-09	1.92395663612298e-08
Lactobacillus_crispatus	VAGINAL_SMELL	MU	-0.653379743925556	0.108636849495161	10001	9982	1.86952117796966e-09	2.39333984764606e-08
Lactobacillus_iners	VAGINAL_SMELL	FI	-0.532630749757565	0.0897111093485737	10001	9992	2.99641749355264e-09	3.80012947546816e-08
Peptoniphilus_harei	VAGINAL_SMELL	RO	0.599206458391245	0.102038069887369	10001	2620	4.43297520761893e-09	5.56995125623972e-08
Aerococcus_christensenii	VAGINAL_SMELL	FI	0.331446624462002	0.0572022026934077	10001	3629	7.06856307859831e-09	8.80003678684212e-08
Mageeibacillus_indolicus	ODOROUS_DISCHARGE	YES	0.19287917174171	0.0333146501194304	10001	1541	7.26758701726563e-09	8.96555962039042e-08
Clostridiales_bacterium	ODOROUS_DISCHARGE	YES	0.154421405509815	0.0268738173575534	10001	1089	9.39657192172587e-09	1.14726171624333e-07
Prevotella_amnii	ODOROUS_DISCHARGE	YES	0.371350830317343	0.0646404964941464	10001	5524	9.46892499773419e-09	1.14726171624333e-07
Limosilactobacillus_vaginalis	VAGINAL_SMELL	FI	-0.221665259663463	0.0390575515266811	10001	3008	1.42269220295073e-08	1.7084896631895e-07
Gardnerella_vaginalis	VAGINAL_SMELL	SO	0.499987271254797	0.088193187741111	10001	9991	1.47429706292e-08	1.75493080208986e-07
Peptoniphilus_lacrimalis	VAGINAL_SMELL	MU	0.226537678747446	0.0400670150097029	10001	1597	1.61096132879088e-08	1.90093436797324e-07
Lactobacillus_mulieris	VAGINAL_SMELL	SO	-0.497604292539021	0.088906614759625	10001	6140	2.23944094073724e-08	2.59736868083798e-07
Peptoniphilus_lacrimalis	VAGINAL_SMELL	CL	0.373781232788594	0.0667781794962515	10001	1597	2.23399422225039e-08	2.59736868083798e-07
Coriobacteriales_bacterium	EXTERNAL_ITCHINESS	YES	-0.366007216372873	0.0655628433437838	10001	5783	2.43231914098893e-08	2.79716701213727e-07
Prevotella_corporis	VAGINAL_SMELL	MU	0.20985730007734	0.0376843927858901	10001	1481	2.63127575561627e-08	3.00053882384141e-07
Anaerococcus_vaginalis	VAGINAL_SMELL	CL	0.423492288469924	0.0761558293378107	10001	1221	2.75357295051294e-08	3.11383207820505e-07
Gardnerella_spB	ODOROUS_DISCHARGE	YES	0.296905571708806	0.053471243031391	10001	4636	2.88625827170159e-08	3.23690287165212e-07
Lactobacillus_mulieris	ODOROUS_DISCHARGE	YES	-0.372360401987775	0.0670829749576255	10001	6140	2.91733817649449e-08	3.24494090615002e-07
Porphyromonas_uenonis	VAGINAL_SMELL	RO	0.684939975996183	0.124319118745534	10001	5023	3.68730978772571e-08	4.06803201784047e-07
Prevotella_buccalis	VAGINAL_SMELL	MU	0.399198986691287	0.072637768961383	10001	4919	3.98625765603861e-08	4.36238035422935e-07
Gardnerella_spA	ODOROUS_DISCHARGE	YES	0.373850736454221	0.0680695806500468	10001	7946	4.06732875188126e-08	4.41549209304229e-07
Finegoldia_magna	VAGINAL_SMELL	RO	0.629233538289773	0.115530169752399	10001	3880	5.25945004052982e-08	5.66434421031664e-07
Coriobacteriales_bacterium	VAGINAL_SMELL	ME	0.859786033306527	0.158703890885475	10001	5783	6.18270449738909e-08	6.60624409681653e-07
Prevotella_timonensis	VAGINAL_SMELL	CL	0.7839076149858	0.146372321178317	10001	7055	8.718206899984e-08	9.24266153381116e-07
Prevotella_disiens	VAGINAL_SMELL	MU	0.324767535765816	0.061009710930813	10001	3279	1.04165336299994e-07	1.09575473921777e-06
Candida_albicans	INTERNAL_ITCHINESS	YES	0.203971109817299	0.0385954878688873	10001	1027	1.28467984487648e-07	1.34100811499799e-06
Sneathia_sanguinegens	VAGINAL_SMELL	SO	0.266549963319064	0.0505288565052217	10001	1822	1.35388625527043e-07	1.40246080030685e-06
Prevotella_buccalis	VAGINAL_SMELL	SO	0.41340431572491	0.0785438929922705	10001	4919	1.44389440481681e-07	1.48436720252758e-06
Candida_albicans	EXTERNAL_ITCHINESS	YES	0.161064708909793	0.0307396642295399	10001	1027	1.64176099267485e-07	1.65027382745168e-06
Clostridiales_bacterium	VAGINAL_SMELL	CL	0.28767044022284	0.0548970213991175	10001	1089	1.63693142040186e-07	1.65027382745168e-06
Limosilactobacillus_vaginalis	ODOROUS_DISCHARGE	YES	-0.19122322092246	0.036487037668546	10001	3008	1.63101018465779e-07	1.65027382745168e-06
Anaerococcus_tetradius	VAGINAL_SMELL	MU	0.207255816417312	0.0396771000650296	10001	1373	1.79052918005524e-07	1.78657948333453e-06
Gardnerella_piotii	VAGINAL_SMELL	SO	0.469390217415521	0.089927067992821	10001	9242	1.82840217861667e-07	1.81105237692177e-06
Lactobacillus_kefiranofaciens	VAGINAL_SMELL	FI	-0.119427339699456	0.0231410834479798	10001	1565	2.50579548645017e-07	2.46403222834267e-06
Lactobacillus_jensenii	VAGINAL_SMELL	MU	-0.469572795639923	0.0916883568055474	10001	7995	3.0893811518163e-07	3.01603613166527e-06
Candida_albicans	VULVA_REDNESS	YES	0.244902191416453	0.0478463365140575	10001	1027	3.13688802778885e-07	3.04054075264963e-06
Lactobacillus_amylovorus	VAGINAL_SMELL	RO	-0.574402561917036	0.112729125455376	10001	4517	3.54334196899845e-07	3.41015251909993e-06
Prevotella_amnii	VAGINAL_SMELL	SO	0.435558495835098	0.0856695416878302	10001	5524	3.75939588353228e-07	3.59260578447416e-06
Anaerococcus_vaginalis	VAGINAL_SMELL	RO	0.385380970472332	0.0762371436908857	10001	1221	4.3796357409594e-07	4.15605993040692e-06
Gardnerella_spA	VAGINAL_SMELL	SO	0.453409444027726	0.0902141860513151	10001	7946	5.09715561008439e-07	4.80336122422536e-06
Gardnerella_leopoldii	VAGINAL_SMELL	MU	0.434417360271602	0.0864739771309272	10001	8197	5.15696252593118e-07	4.8262056190956e-06
Coriobacteriales_bacterium	VAGINAL_SMELL	MU	0.399104678921727	0.0799047273980452	10001	5783	5.99079667862851e-07	5.56815828280746e-06
Peptoniphilus_vaginalis	VAGINAL_SMELL	CL	0.297286598272972	0.0595412457055396	10001	1294	6.04692197232496e-07	5.58209055540474e-06
Lactobacillus_gasseri	VAGINAL_SMELL	YE	-0.496772360877158	0.0996638825225568	10001	7727	6.31736955588279e-07	5.75999702479356e-06
Peptostreptococcus_anaerobius	VAGINAL_SMELL	MU	0.193728755169622	0.0388681271868295	10001	1064	6.32453615839528e-07	5.75999702479356e-06
Dialister_microaerophilus	VAGINAL_SMELL	SO	0.298429551516858	0.0600516408971209	10001	3641	6.82237119195388e-07	6.17197180498761e-06
Lactobacillus_crispatus	VAGINAL_SMELL	YE	-0.55724741970702	0.11239103891825	10001	9982	7.23532317170945e-07	6.50220764503956e-06
Porphyromonas_uenonis	VAGINAL_SMELL	FI	0.321674099292268	0.0650760894872736	10001	5023	7.81627275412031e-07	6.97808034693504e-06
Gardnerella_piotii	ODOROUS_DISCHARGE	YES	0.334067663056602	0.0678529405993609	10001	9242	8.64127611228125e-07	7.66419064337625e-06
Gardnerella_swidsinskii	VAGINAL_SMELL	SO	0.449981923803311	0.0917387687905534	10001	9970	9.48853956382182e-07	8.36100531695208e-06
Peptoniphilus_lacrimalis	ODOROUS_DISCHARGE	YES	0.159843317287962	0.0326900176642558	10001	1597	1.02582080619846e-06	8.98089570329881e-06
Gardnerella_leopoldii	VAGINAL_SMELL	SO	0.455074833914012	0.093505113159498	10001	8197	1.151313525914e-06	1.00149516324699e-05
Lactobacillus_gasseri	VAGINAL_SMELL	MU	-0.466133202412756	0.0963348173476873	10001	7727	1.32663105531949e-06	1.14664862552137e-05
Prevotella_sp	VAGINAL_SMELL	FI	0.186800570314574	0.0386797761839893	10001	1542	1.38972855688668e-06	1.19358332385774e-05
Prevotella_buccalis	VAGINAL_SMELL	CL	0.583622651135524	0.12106262402467	10001	4919	1.45071174825837e-06	1.23812317131233e-05
Megasphaera_lornae	VAGINAL_SMELL	ME	0.862568596495793	0.179354762203225	10001	7418	1.53685214456654e-06	1.3034427251105e-05
Finegoldia_magna	VAGINAL_SMELL	MU	0.33274886811456	0.0692443527896112	10001	3880	1.56671572353735e-06	1.32051753841006e-05
Prevotella_bivia	VAGINAL_SMELL	SO	0.439629477316459	0.0929876767486997	10001	6985	2.30045217923273e-06	1.92698370815976e-05
Lactobacillus_paragasseri	VAGINAL_SMELL	SO	-0.381985383597763	0.0811219528035753	10001	3026	2.52564431986656e-06	2.10263763316498e-05
Lactobacillus_mulieris	VAGINAL_SMELL	RO	-0.643497184355134	0.137181389906456	10001	6140	2.75688306464342e-06	2.28115263336654e-05
Prevotella_corporis	ODOROUS_DISCHARGE	YES	0.143069670155258	0.0307460754323518	10001	1481	3.30926074081786e-06	2.72161625775141e-05
Anaerococcus_vaginalis	VAGINAL_SMELL	MU	0.211088260919088	0.0456936199844399	10001	1221	3.89213131426708e-06	3.18170011654243e-05
Pichia_kudriavzevii	VAGINAL_SMELL	YE	-0.130020565552827	0.0281608196420165	10001	1160	3.94053837415943e-06	3.20198237948165e-05
Lactobacillus_iners	VAGINAL_SMELL	RO	-0.788987772698509	0.17138101173212	10001	9992	4.20167704515844e-06	3.39385461326191e-05
Gardnerella_swidsinskii	VAGINAL_SMELL	ME	0.77451205039854	0.168507052027873	10001	9970	4.35303187546386e-06	3.49530429290205e-05
Lactobacillus_jensenii	VAGINAL_SMELL	VI	-0.646957294383286	0.140829383264746	10001	7995	4.40352493262667e-06	3.51504901974964e-05
Escherichia_coli	VAGINAL_SMELL	YE	-0.249683426234173	0.0544117112711627	10001	2622	4.5128328302581e-06	3.58123634541534e-05
Gardnerella_spD	VAGINAL_SMELL	FI	0.131017085772203	0.0286686219162848	10001	1089	4.93461891241397e-06	3.8931848047359e-05
Lactobacillus_gasseri	VAGINAL_SMELL	VI	-0.675324879408086	0.147966147356847	10001	7727	5.07759220238813e-06	3.98282810326051e-05
Gardnerella_spE	VAGINAL_SMELL	FI	0.254934409930204	0.0558945059094468	10001	3487	5.15194631931797e-06	4.01792595133016e-05
Aspergillus_flavus	ODOROUS_DISCHARGE	YES	-0.11822911662589	0.0259524563955293	10001	1569	5.28551933429035e-06	4.09854270664686e-05
Lactobacillus_iners	VAGINAL_SMELL	MU	-0.46722920032615	0.102719205409745	10001	9992	5.46395716853279e-06	4.21283515778352e-05
Sneathia_sanguinegens	VAGINAL_SMELL	ME	0.421884397393895	0.092812109474387	10001	1822	5.54302341091757e-06	4.24965128170347e-05
Sneathia_vaginalis	VAGINAL_SMELL	SO	0.351278999779152	0.0780728114618985	10001	4113	6.89240911546533e-06	5.25449391555418e-05
Megasphaera_lornae	EXTERNAL_ITCHINESS	YES	-0.333267318794737	0.0740940131441217	10001	7418	6.94041255002036e-06	5.26153063149588e-05
Gardnerella_piotii	VAGINAL_SMELL	ME	0.740448389139612	0.165179294694663	10001	9242	7.45284120731398e-06	5.61861417684726e-05
Megasphaera_lornae	VAGINAL_SMELL	MU	0.404440029964287	0.0903020921631452	10001	7418	7.59178961495746e-06	5.69174503176645e-05
Pichia_kudriavzevii	ODOROUS_DISCHARGE	YES	-0.099254383769239	0.0222084850569312	10001	1160	7.93746663760124e-06	5.91821001495873e-05
Lactobacillus_iners	VAGINAL_SMELL	SO	-0.495620953620072	0.111071229104563	10001	9992	8.20152752793567e-06	6.08167915596104e-05
Pichia_kudriavzevii	VAGINAL_SMELL	MU	-0.120974814920228	0.0272201659007296	10001	1160	8.91265891246409e-06	6.57308594794227e-05
Lactobacillus_paragasseri	BURNING_SENSATION	YES	0.328211423085401	0.0745617241391031	10001	3026	1.08435488471197e-05	7.95388961380621e-05
Lactobacillus_mulieris	VAGINAL_SMELL	MU	-0.358601833247526	0.0822212637548263	10001	6140	1.30515775699964e-05	9.47111805480489e-05
Prevotella_timonensis	VAGINAL_SMELL	ME	0.760852035705427	0.174432125825397	10001	7055	1.30244677779539e-05	9.47111805480489e-05
Streptococcus_anginosus	DRYNESS	YES	0.259912048774222	0.0596375563166646	10001	2197	1.32452972260196e-05	9.56056826367475e-05
Prevotella_amnii	EXTERNAL_ITCHINESS	YES	-0.278946802453239	0.0650072542206935	10001	5524	1.79539892448118e-05	0.000128907742884707
Peptoniphilus_vaginalis	ODOROUS_DISCHARGE	YES	0.125024232509839	0.02914731112092	10001	1294	1.80850931150591e-05	0.000129165638721764
Gardnerella_spB	EXTERNAL_ITCHINESS	YES	-0.23016634182878	0.053774628565127	10001	4636	1.88467250261324e-05	0.000133587245687996
Gardnerella_spD	ODOROUS_DISCHARGE	YES	0.114583496606712	0.0267818397948016	10001	1089	1.89995124670474e-05	0.000133587245687996
Lactobacillus_helveticus	VAGINAL_SMELL	RO	-0.227347054010446	0.0531303287061641	10001	2679	1.89448989199737e-05	0.000133587245687996
Gardnerella_spG	VAGINAL_SMELL	RO	0.388639873963558	0.0910041767120274	10001	3714	1.96778431032369e-05	0.000137643469541714
Gardnerella_swidsinskii	VAGINAL_SMELL	MU	0.361834038051173	0.0848404533865635	10001	9970	2.0185627908345e-05	0.00014047126703397
Lactobacillus_rodentium	ODOROUS_DISCHARGE	YES	-0.0816181937521358	0.0192251204700241	10001	2119	2.20186632299349e-05	0.000152445540831743
Aspergillus_flavus	VAGINAL_SMELL	YE	-0.138264328512827	0.0329082529469387	10001	1569	2.674491337234e-05	0.0001842276520115
Fannyhessea_vaginae	VAGINAL_SMELL	ME	0.788028782865523	0.187742594659705	10001	7782	2.72350692790294e-05	0.000186656510159812
Lactobacillus_helveticus	ODOROUS_DISCHARGE	YES	-0.108943271762251	0.0259812246582164	10001	2679	2.77479027127106e-05	0.000189215597895218
Peptoniphilus_harei	DRYNESS	YES	0.226831455588884	0.0542391323105991	10001	2620	2.91346354078986e-05	0.000197678501242592
Gardnerella_leopoldii	VAGINAL_SMELL	ME	0.717587784612734	0.171751498039095	10001	8197	2.96513080931114e-05	0.000199192203377981
Lactobacillus_crispatus	VAGINAL_SMELL	CL	-0.756513079383668	0.181060930886374	10001	9982	2.9629800457458e-05	0.000199192203377981
Sneathia_vaginalis	VAGINAL_SMELL	ME	0.59892457997494	0.143405230704678	10001	4113	2.98614518279782e-05	0.000199615714928899
Prevotella_amnii	VAGINAL_SMELL	ME	0.656578968318803	0.157359010903597	10001	5524	3.03842122762901e-05	0.000202114588524146
Escherichia_coli	ODOROUS_DISCHARGE	YES	-0.178561236032377	0.0429107423735889	10001	2622	3.19201278598508e-05	0.000211295675638134
Finegoldia_magna	DRYNESS	YES	0.255226915650993	0.0614109632805005	10001	3880	3.26503399611708e-05	0.000215080152074315
Prevotella_buccalis	VAGINAL_SMELL	ME	0.599188301693927	0.144270519840278	10001	4919	3.30548583960107e-05	0.00021669296059607
Lactobacillus_kefiranofaciens	ODOROUS_DISCHARGE	YES	-0.089137638430953	0.0216180879357123	10001	1565	3.76525556038213e-05	0.000245646720934546
Limosilactobacillus_portuensis	VAGINAL_SMELL	FI	-0.163292964527023	0.0396681036271736	10001	1764	3.87799534596793e-05	0.000251791372463085
Dialister_microaerophilus	VAGINAL_SMELL	OT	0.3621985113842	0.0882557867466312	10001	3641	4.09363950193362e-05	0.000264527085910663
Clostridiales_bacterium	VAGINAL_SMELL	SW	0.218103386986576	0.0531743076767564	10001	1089	4.13438851528958e-05	0.000265894086030709
Aspergillus_flavus	VAGINAL_SMELL	SO	-0.141034774111415	0.0343953893559548	10001	1569	4.15712224224136e-05	0.000266095041637808
Lactobacillus_crispatus	VAGINAL_SMELL	ME	-0.884254993366131	0.215770596682413	10001	9982	4.1980610941127e-05	0.000267453939188307
Lactobacillus_mulieris	VAGINAL_SMELL	VI	-0.514172945764668	0.126288334410849	10001	6140	4.70880254484609e-05	0.000298590890343745
Tissierellia_bacterium	VAGINAL_SMELL	CL	0.262804720389534	0.0651154391035111	10001	1571	5.47805388607067e-05	0.00034575437783246
Megasphaera_hutchinsoni	VAGINAL_SMELL	SO	0.194300644169434	0.0482184940744553	10001	3008	5.62895814954621e-05	0.000353634083746954
Anaerococcus_tetradius	VAGINAL_SMELL	SO	0.172483318559399	0.0429032161410145	10001	1373	5.85545738003644e-05	0.000363874061435695
Lactobacillus_paragasseri	ODOROUS_DISCHARGE	YES	-0.246036898485135	0.0612091906001492	10001	3026	5.87239642258049e-05	0.000363874061435695
Mageeibacillus_indolicus	VAGINAL_SMELL	MU	0.164211288867526	0.0408326052340359	10001	1541	5.82367896643612e-05	0.000363874061435695
Aerococcus_christensenii	VAGINAL_SMELL	SO	0.284425385788983	0.0708219863379289	10001	3629	5.96127909111399e-05	0.000367702533029168
Prevotella_bivia	VAGINAL_SMELL	MU	0.344545168105587	0.0859954494564272	10001	6985	6.20593020752067e-05	0.000381060963421066
Limosilactobacillus_vaginalis	VAGINAL_SMELL	RO	-0.297914118180973	0.0746142004599842	10001	3008	6.57860600271493e-05	0.000402124700256043
Lactobacillus_rodentium	VAGINAL_SMELL	RO	-0.156422559380676	0.0393144273768852	10001	2119	6.97665238804328e-05	0.000424543376258957
Corynebacterium_pseudogenitalium	VAGINAL_SMELL	FI	0.127486697311136	0.0321935938523607	10001	1016	7.54699046511678e-05	0.000457199377730512
Limosilactobacillus_vaginalis	VAGINAL_SMELL	MU	-0.177039558355202	0.0447208900570201	10001	3008	7.58607308233376e-05	0.000457524496565641
Gardnerella_vaginalis	VAGINAL_SMELL	RO	0.536763590202591	0.136080584187319	10001	9991	8.05295647697473e-05	0.000483533714126315
Dialister_microaerophilus	VAGINAL_SMELL	ME	0.434763196183385	0.11030369287071	10001	3641	8.15227126031949e-05	0.000485203162291822
Tissierellia_bacterium	VAGINAL_SMELL	ME	0.30585574825321	0.0775981713991029	10001	1571	8.15151984985261e-05	0.000485203162291822
Fannyhessea_vaginae	VAGINAL_SMELL	MU	0.371481412093713	0.0945252240734976	10001	7782	8.55295470249997e-05	0.000506827927130675
Escherichia_coli	VAGINAL_SMELL	FI	-0.180337054068028	0.0459338065898781	10001	2622	8.69436987265919e-05	0.000512967822486892
Gardnerella_spA	VAGINAL_SMELL	ME	0.650155295677107	0.165706677155302	10001	7946	8.78459402996519e-05	0.000516047363578475
Peptoniphilus_harei	EXCESSIVE_DISCHARGE	YES	-0.177869176799756	0.0456066381765466	10001	2620	9.67947301454172e-05	0.000566165727617807
Escherichia_coli	VAGINAL_SMELL	SO	-0.220287800841501	0.0568705971025889	10001	2622	0.000107972601797565	0.000624586753383309
Lactobacillus_paragasseri	VAGINAL_SMELL	YE	-0.300605779254665	0.0776145231205967	10001	3026	0.000108163512929313	0.000624586753383309
Prevotella_amnii	VAGINAL_SMELL	MU	0.306977083518281	0.0792276030519721	10001	5524	0.000107473180623926	0.000624586753383309
Prevotella_corporis	VAGINAL_SMELL	CL	0.240911559109263	0.0628071530922381	10001	1481	0.000125960616092899	0.000724273542534172
Aspergillus_flavus	VAGINAL_SMELL	RO	-0.20320132870221	0.0530714990215371	10001	1569	0.000129545608304359	0.000741571016081126
Gardnerella_vaginalis	VAGINAL_SMELL	MU	0.312204442136251	0.0815614830262759	10001	9991	0.000130061828907375	0.000741571016081126
Gardnerella_spG	VAGINAL_SMELL	ME	0.412872785150744	0.108334148490257	10001	3714	0.000139178675737646	0.00079023206266103
Candidatus_Lachnocurva_vaginae_.BVAB.1.	VAGINAL_SMELL	FI	0.208382004882515	0.0550482585098788	10001	2801	0.000154334459744153	0.000869011874990935
Prevotella_timonensis	VAGINAL_SMELL	VI	0.510746024922453	0.134893325475624	10001	7055	0.000153806363246448	0.000869011874990935
Dialister_microaerophilus	VAGINAL_SMELL	YE	0.217345961914657	0.0574552178511405	10001	3641	0.000155932698975765	0.000874382944256666
Mageeibacillus_indolicus	EXTERNAL_ITCHINESS	YES	-0.126603930899555	0.0335036710273935	10001	1541	0.000158498247294323	0.000885111611433727
Lactobacillus_crispatus	VAGINAL_SMELL	OT	-0.650062356223711	0.172641579546364	10001	9982	0.000167246341312264	0.000930136414593206
Gardnerella_spA	EXTERNAL_ITCHINESS	YES	-0.257334382610825	0.0684557943396104	10001	7946	0.00017147679993536	0.000949771500050136
Megasphaera_hutchinsoni	VAGINAL_SMELL	ME	0.331111035557297	0.0885684034877368	10001	3008	0.000186172523715095	0.00102697607594058
Prevotella_bivia	VAGINAL_SMELL	ME	0.637120584135114	0.170801063611589	10001	6985	0.000192395332857026	0.00105700593800398
Escherichia_coli	VAGINAL_SMELL	RO	-0.325589713655247	0.0877503611675716	10001	2622	0.000208049146186272	0.00113839794909182
Streptococcus_constellatus	VAGINAL_SMELL	YE	-0.14677006240589	0.0396741580202424	10001	1075	0.00021728210431979	0.00118414383759821
Lactobacillus_paragasseri	VAGINAL_SMELL	FI	-0.241647069868874	0.0655213815242854	10001	3026	0.00022716673680081	0.0012330610473548
Gardnerella_piotii	VAGINAL_SMELL	RO	0.511113568100062	0.138755931837255	10001	9242	0.000231229718814664	0.00125011445590239
Limosilactobacillus_portuensis	ODOROUS_DISCHARGE	YES	-0.136365318417802	0.0370574072032071	10001	1764	0.000234609831074098	0.00126335532050615
Mageeibacillus_indolicus	VAGINAL_SMELL	SO	0.162275853977702	0.0441526745927836	10001	1541	0.000238783235951795	0.00128074644737781
Prevotella_corporis	VAGINAL_SMELL	VI	0.212490596537828	0.057881610922514	10001	1481	0.000242746350243536	0.00129687715464755
Bifidobacterium_animalis	ODOROUS_DISCHARGE	YES	0.0813909872969997	0.0222196072909607	10001	1689	0.000250544176299276	0.0013280798720239
Peptoniphilus_vaginalis	VAGINAL_SMELL	SW	0.211293555613143	0.0576727924013489	10001	1294	0.000249923955115091	0.0013280798720239
Finegoldia_magna	EXCESSIVE_DISCHARGE	YES	-0.188868674270522	0.0516370277896144	10001	3880	0.000255877793631733	0.00135107457571308
Aspergillus_flavus	VAGINAL_SMELL	FI	-0.101112447189661	0.0277808084098357	10001	1569	0.00027438763233515	0.00144319386464651
Lactobacillus_rodentium	VAGINAL_SMELL	SO	-0.0919705030300953	0.0254794958097117	10001	2119	0.000308185292675472	0.00161470054888268
Pichia_kudriavzevii	VAGINAL_SMELL	SO	-0.106064335585489	0.0294334177427088	10001	1160	0.000315447420738468	0.0016463928843927
Prevotella_timonensis	EXTERNAL_ITCHINESS	YES	-0.259466535824424	0.0720604017696477	10001	7055	0.000318925137933873	0.00165816633017726
Corynebacterium_pseudogenitalium	DRYNESS	YES	0.117581454916494	0.0326916194049363	10001	1016	0.000323856448240678	0.00167717832832452
Sneathia_sanguinegens	VAGINAL_SMELL	MU	0.168025735041015	0.046729328848907	10001	1822	0.000325053721701805	0.00167717832832452
Lactobacillus_jensenii	VAGINAL_SMELL	ME	-0.653665313881785	0.182108111093964	10001	7995	0.000332984726659392	0.00171159194726059
Candida_albicans	VAGINAL_SMELL	YE	0.138889215751856	0.0387586228037067	10001	1027	0.000340714811190103	0.00174471697654705
Pichia_kudriavzevii	VAGINAL_SMELL	RO	-0.162566275482397	0.045415261469114	10001	1160	0.000345818444037597	0.00176419409232714
Lactobacillus_kefiranofaciens	VAGINAL_SMELL	RO	-0.158026061328452	0.0442079283456689	10001	1565	0.000352408434845966	0.00179107957335571
Peptoniphilus_lacrimalis	VAGINAL_SMELL	VI	0.219183937629665	0.0615412164604785	10001	1597	0.000370348044949132	0.00187523245147751
Streptococcus_agalactiae	VAGINAL_SMELL	YE	-0.21772788192727	0.061215785270514	10001	1572	0.000377243727098942	0.00190304735194522
Lactobacillus_crispatus	VAGINAL_SMELL	SW	-0.622780497862781	0.175379089827025	10001	9982	0.000385460827516232	0.00193729756644269
Bifidobacterium_animalis	VAGINAL_SMELL	ME	0.191365121069175	0.05409078852432	10001	1689	0.000405231672016384	0.00202168889311115
Prevotella_disiens	VAGINAL_SMELL	CL	0.359783317843899	0.101682579212992	10001	3279	0.000404545492413113	0.00202168889311115
Anaerococcus_tetradius	VAGINAL_SMELL	CL	0.233765949328607	0.0661283229956522	10001	1373	0.000409568199806032	0.00203362863165375
Tissierellia_bacterium	VAGINAL_SMELL	VI	0.21209267379567	0.0600088736023902	10001	1571	0.000410622140805547	0.00203362863165375
Aerococcus_christensenii	EXCESSIVE_DISCHARGE	YES	0.17251124574924	0.0488421814576138	10001	3629	0.000414270879563611	0.00204423848570116
Peptoniphilus_lacrimalis	VAGINAL_SMELL	SO	0.152925385445661	0.0433248347855352	10001	1597	0.000417843033955573	0.00205439491694823
Gardnerella_piotii	EXTERNAL_ITCHINESS	YES	-0.240587427944278	0.0682379251150044	10001	9242	0.000424237133897057	0.00207830249349569
Candida_albicans	PAIN_WHILE_PEEING	YES	-0.148429350911817	0.042430046713169	10001	1027	0.000470427259926567	0.00229012044265591
Candida_albicans	ODOROUS_DISCHARGE	YES	-0.106919882523293	0.0305662372866117	10001	1027	0.000470850113117906	0.00229012044265591
Candida_albicans	VAGINA_PAIN	YES	-0.138203835497136	0.0395543896025082	10001	1027	0.000477868879467147	0.00231595739084614
Tissierellia_bacterium	VAGINAL_SMELL	SW	0.219883043528925	0.0630720630218537	10001	1571	0.000492006514941991	0.00237598875721097
Lactobacillus_gasseri	BURNING_SENSATION	YES	0.333366712274103	0.0957438197968757	10001	7727	0.000500073231769781	0.00240070328400096
Mageeibacillus_indolicus	VAGINAL_SMELL	CL	0.236911756215792	0.0680541597859912	10001	1541	0.000501263919688121	0.00240070328400096
Pichia_kudriavzevii	EXCESSIVE_DISCHARGE	YES	0.0706515549920813	0.0202986728365345	10001	1160	0.00050243163791914	0.00240070328400096
Limosilactobacillus_vaginalis	VAGINAL_SMELL	YE	-0.160911442598421	0.0462663204816262	10001	3008	0.000507439083400418	0.00241612223219076
Corynebacterium_pseudogenitalium	VAGINAL_SMELL	MU	0.12800386367374	0.036861659651867	10001	1016	0.000517729118535377	0.00245649795053324
Lactobacillus_crispatus	EXTERNAL_ITCHINESS	YES	0.309269335901234	0.0891379143230479	10001	9982	0.000523514436494476	0.00247529299764113
Gardnerella_piotii	VAGINAL_SMELL	MU	0.288233801246757	0.0831649837993126	10001	9242	0.000530866841702844	0.00250134133399569
Peptoniphilus_lacrimalis	VAGINAL_SMELL	SW	0.223396994946067	0.0646826252523133	10001	1597	0.00055516587732073	0.00260678233745408
Lactobacillus_iners	ODOROUS_DISCHARGE	YES	-0.28831940120262	0.0838069079638131	10001	9992	0.00058348722355016	0.00272093526583356
Limosilactobacillus_vaginalis	VAGINAL_SMELL	SO	-0.166384582183738	0.0483571130196067	10001	3008	0.000582487182849072	0.00272093526583356
Lactobacillus_paragasseri	VAGINAL_SMELL	RO	-0.429820205691661	0.12516978930767	10001	3026	0.000597388411656614	0.00277621943362337
Anaerococcus_vaginalis	EXCESSIVE_DISCHARGE	YES	-0.11691376907522	0.0340747314385846	10001	1221	0.000603578276000199	0.0027954120154685
Fannyhessea_vaginae	EXTERNAL_ITCHINESS	YES	-0.265369048231715	0.0775591464957353	10001	7782	0.000625252603855543	0.0028664452142972
Sneathia_vaginalis	EXTERNAL_ITCHINESS	YES	-0.202736666923279	0.0592427483845041	10001	4113	0.000623809111144726	0.0028664452142972
Tissierellia_bacterium	EXTERNAL_ITCHINESS	YES	-0.109695303607509	0.0320569125735851	10001	1571	0.000624364825351028	0.0028664452142972
Lactobacillus_helveticus	EXTERNAL_ITCHINESS	YES	0.0892789185686451	0.0261286371226212	10001	2679	0.000635915273134168	0.00290551187085207
Prevotella_buccalis	EXTERNAL_ITCHINESS	YES	-0.203171946584297	0.0596002116812631	10001	4919	0.000654802893815719	0.00298177022452326
Candida_albicans	VAGINAL_SMELL	FI	-0.111187274083956	0.0327196304244717	10001	1027	0.000681004234247859	0.00309071152466336
Peptoniphilus_harei	VAGINAL_SMELL	SW	0.334610369476108	0.098730612985358	10001	2620	0.000703875613889488	0.00318386402682678
Aspergillus_flavus	EXCESSIVE_DISCHARGE	YES	0.0798524868789425	0.0237206824475794	10001	1569	0.000764533161008926	0.00344674916773792
Coriobacteriales_bacterium	VAGINAL_SMELL	SW	0.433495767879025	0.128995073302176	10001	5783	0.000780762834864515	0.00350826214208989
Sneathia_sanguinegens	EXTERNAL_ITCHINESS	YES	-0.128519183775521	0.0383420076213913	10001	1822	0.000805526371703218	0.00360758840396458
Dialister_microaerophilus	VAGINAL_SMELL	VI	0.28382700137911	0.0853009838248822	10001	3641	0.000879903573247649	0.00392772746347717
Limosilactobacillus_portuensis	VAGINAL_SMELL	RO	-0.252067013031895	0.0757805781523054	10001	1764	0.000883330522052725	0.00393009678172311
Pichia_kudriavzevii	BURNING_SENSATION	YES	0.0898259408746565	0.0270531748602841	10001	1160	0.000902280393943278	0.00400128919797722
Aspergillus_flavus	BURNING_SENSATION	YES	0.104710498138496	0.0316138781696428	10001	1569	0.000929048241639088	0.00408805745274062
Gardnerella_spB	VAGINAL_SMELL	RO	0.362278110067903	0.109346066475222	10001	4636	0.000925852964584353	0.00408805745274062
Gardnerella_swidsinskii	VAGINAL_SMELL	RO	0.468763705118113	0.141551355262154	10001	9970	0.000930884121515736	0.00408805745274062
Escherichia_coli	VAGINAL_SMELL	MU	-0.173166692983303	0.0525942009704088	10001	2622	0.000996442988750139	0.00434782358756894
Streptococcus_anginosus	VAGINAL_SMELL	CL	0.369105418221756	0.112074259172586	10001	2197	0.000993279508506242	0.00434782358756894
Lactobacillus_amylovorus	VAGINAL_SMELL	SO	-0.240322350968177	0.0730592169672922	10001	4517	0.00100742494999835	0.00438165274726847
Megasphaera_hutchinsoni	EXTERNAL_ITCHINESS	YES	-0.120168437280056	0.0365888720854731	10001	3008	0.00102592227524686	0.00444784833070283
Candida_albicans	VAGINAL_SMELL	RO	-0.205116737727646	0.0625064543997435	10001	1027	0.00103600572771341	0.00447726042199713
Gardnerella_spA	VAGINAL_SMELL	CL	0.455155982691116	0.139050480840016	10001	7946	0.00106655794627443	0.00459466391458539
Escherichia_coli	VAGINAL_SMELL	CL	-0.286490696098143	0.0876567668445817	10001	2622	0.00108552622946357	0.00466157940943692
Peptostreptococcus_anaerobius	VAGINAL_SMELL	ME	0.252237245323102	0.077198473943261	10001	1064	0.00108912337719193	0.00466227262728531
Streptococcus_anginosus	VAGINAL_SMELL	YE	-0.22645406187041	0.0695685279134292	10001	2197	0.00113721424967966	0.00485282936105441
Megasphaera_lornae	VAGINAL_SMELL	VI	0.448047457394348	0.138700140235064	10001	7418	0.00124047398646197	0.00527687523394635
Megasphaera_lornae	VAGINAL_SMELL	CL	0.484653974052829	0.150503083843337	10001	7418	0.00128499820044966	0.00544919549378185
Lactobacillus_iners	VAGINAL_SMELL	VI	-0.507074818314022	0.157772293574618	10001	9992	0.00131331470887262	0.00555192542037428
Fannyhessea_vaginae	VAGINAL_SMELL	CL	0.50509817118107	0.157541618175819	10001	7782	0.00134959442940571	0.00568757652392406
Bifidobacterium_breve	ODOROUS_DISCHARGE	YES	-0.176127210861355	0.0550568422170163	10001	1687	0.00138333053569893	0.0058117013527661
Streptococcus_constellatus	DRYNESS	YES	0.108358359275107	0.034010635329136	10001	1075	0.00144691874559063	0.00606008869681016
Peptoniphilus_lacrimalis	EXTERNAL_ITCHINESS	YES	-0.104514807572883	0.0328754945279802	10001	1597	0.00148179445981747	0.00618706179068404
Aspergillus_flavus	VAGINAL_SMELL	OT	-0.16057712347682	0.0505496952742224	10001	1569	0.00149456553510318	0.00622124365378839
Sneathia_vaginalis	VAGINAL_SMELL	MU	0.227636124741405	0.0722021105026343	10001	4113	0.00162212403358234	0.00673156670816892
Escherichia_coli	DRYNESS	YES	0.146244730916827	0.0466443892453511	10001	2622	0.00172169575878282	0.00711855508536298
Mageeibacillus_indolicus	VAGINAL_SMELL	ME	0.254216956154359	0.0811002494677262	10001	1541	0.00172586928746089	0.00711855508536298
Gardnerella_vaginalis	DRYNESS	YES	0.225460919741499	0.07233469644013	10001	9991	0.00183274999947419	0.00753649014935295
Gardnerella_leopoldii	VAGINAL_SMELL	RO	0.448598465576851	0.144276794491174	10001	8197	0.00188065241608714	0.0077101067330219
Aspergillus_flavus	VAGINAL_SMELL	MU	-0.0987624960659604	0.0318090210478939	10001	1569	0.00190903525841363	0.0077794619990009
Coriobacteriales_bacterium	VAGINAL_SMELL	VI	0.381130529409178	0.122730233930024	10001	5783	0.0019053311357571	0.0077794619990009
Pichia_kudriavzevii	VAGINAL_SMELL	ON	-0.102405996817175	0.0330219533182775	10001	1160	0.00193308820721468	0.00785389430296502
Lactobacillus_amylovorus	VAGINAL_SMELL	YE	-0.216299772810754	0.0699003917991318	10001	4517	0.00197756944167873	0.00801063203688965
Gardnerella_spB	VAGINAL_SMELL	SO	0.218698866602669	0.0708666723250288	10001	4636	0.00203382825694217	0.00821400281151944
Corynebacterium_pseudogenitalium	EXCESSIVE_DISCHARGE	YES	-0.0847585803877983	0.0274885455222327	10001	1016	0.00205198644724952	0.00826274661399881
Gardnerella_spA	VAGINAL_SMELL	MU	0.256185907813576	0.0834305119569198	10001	7946	0.00214167709715366	0.00859839000247787
Candida_albicans	VAGINAL_SMELL	MU	-0.114423432803966	0.0374639714401847	10001	1027	0.00226237072357227	0.00905615655424062
Escherichia_coli	VAGINAL_SMELL	VI	-0.245618471079303	0.0807824367675508	10001	2622	0.00236803427894813	0.00945124269568415
Bifidobacterium_animalis	VAGINAL_SMELL	OT	0.131445268705313	0.0432789236037187	10001	1689	0.00239430957507087	0.00952808825035533
Pichia_kudriavzevii	VAGINAL_SMELL	FI	-0.0720928799962769	0.0237730740796306	10001	1160	0.00243125168931972	0.00962570844392044
Prevotella_timonensis	VAGINAL_SMELL	OT	0.423209158557423	0.139565993648574	10001	7055	0.0024330272632754	0.00962570844392044
Prevotella_bivia	VAGINAL_SMELL	CL	0.434333566717207	0.143325365223026	10001	6985	0.00244853701552315	0.00965890909902591
Peptoniphilus_lacrimalis	DRYNESS	YES	0.106749051655133	0.0355343632858575	10001	1597	0.00267022191373745	0.0105028728607006
Aerococcus_christensenii	BURNING_SENSATION	YES	-0.193336266137454	0.0650947028000939	10001	3629	0.00298434168171356	0.0117044845725009
Escherichia_coli	PAIN_WITH_SEX	YES	0.138994384105737	0.0470651873989572	10001	2622	0.0031519960234415	0.0123263936709225
Lactobacillus_amylovorus	EXTERNAL_ITCHINESS	YES	0.162963771327401	0.0554383623045837	10001	4517	0.00329444174437314	0.0128464294457309
Prevotella_bivia	DRYNESS	YES	0.223853294491202	0.0762670625993794	10001	6985	0.00334174615875864	0.0129935516831962
Coriobacteriales_bacterium	VAGINAL_SMELL	CL	0.390758765676282	0.133174188980475	10001	5783	0.00335177976792538	0.0129953289859278
Peptoniphilus_lacrimalis	EXCESSIVE_DISCHARGE	YES	-0.087566368402361	0.0298788490924177	10001	1597	0.00338950702121993	0.0131041624723517
Bifidobacterium_animalis	EXTERNAL_ITCHINESS	YES	-0.0653933815256492	0.0223456770629579	10001	1689	0.0034363426397466	0.0132099630655414
Lactobacillus_paragasseri	VAGINAL_SMELL	CL	-0.365961086676727	0.125036283513128	10001	3026	0.00343198834025257	0.0132099630655414
Prevotella_corporis	VAGINAL_SMELL	OT	0.174863955919378	0.0598866142108758	10001	1481	0.00350907855690515	0.0134514678014697
Lactobacillus_paragasseri	VAGINAL_SMELL	VI	-0.336288215433785	0.115230529600273	10001	3026	0.00352624030701109	0.013479177736941
Gardnerella_vaginalis	EXTERNAL_ITCHINESS	YES	-0.194650150472931	0.0669222323718137	10001	9991	0.00363849535042642	0.0138692084003614
Anaerococcus_vaginalis	DRYNESS	YES	0.117754787200416	0.0405244486513359	10001	1221	0.0036715433187352	0.0139293614965627
Corynebacterium_pseudogenitalium	ODOROUS_DISCHARGE	YES	-0.08738219092232	0.0300748210182741	10001	1016	0.00367480575959428	0.0139293614965627
Limosilactobacillus_coleohominis	VULVA_PAIN	YES	-0.12311640162029	0.0424012012950283	10001	1026	0.00369700375785758	0.0139744682434895
Dialister_microaerophilus	DRYNESS	YES	0.142916321356209	0.0492534324507705	10001	3641	0.00372012544291089	0.0139930056241955
Streptococcus_agalactiae	VULVA_REDNESS	YES	0.219259672681339	0.075569017941091	10001	1572	0.00372253134144037	0.0139930056241955
Prevotella_buccalis	VAGINAL_SMELL	OT	0.3347015215194	0.11543319993623	10001	4919	0.00374543055943765	0.0140401913512621
Dialister_microaerophilus	VAGINAL_SMELL	SW	0.259559632943198	0.0896552243802624	10001	3641	0.00379876316024015	0.0142008859736801
Gardnerella_spB	VAGINAL_SMELL	ME	0.375875027287159	0.130168893674378	10001	4636	0.00389033790482877	0.0144226361926735
Gardnerella_spG	EXTERNAL_ITCHINESS	YES	-0.129275620462363	0.0447543835669059	10001	3714	0.0038784569188044	0.0144226361926735
Lactobacillus_gasseri	VAGINAL_SMELL	CL	-0.463395314616463	0.160557598888377	10001	7727	0.00390807348857339	0.0144226361926735
Lactobacillus_mulieris	EXCESSIVE_DISCHARGE	YES	0.176943681934576	0.0613141940152868	10001	6140	0.00391192873296542	0.0144226361926735
Peptoniphilus_vaginalis	VAGINAL_SMELL	SO	0.111448484045246	0.0386296040499617	10001	1294	0.00392185169867099	0.0144226361926735
Peptostreptococcus_anaerobius	VAGINAL_SMELL	SO	0.121256930298621	0.0420284662679454	10001	1064	0.00392109772398865	0.0144226361926735
Aspergillus_flavus	VAGINAL_SMELL	VI	-0.140758162522372	0.0488572919452646	10001	1569	0.00397252661014131	0.0145695097566534
Fannyhessea_vaginae	VAGINAL_SMELL	VI	0.417971497158467	0.145186689706573	10001	7782	0.00399969527189199	0.0146296131643058
Candida_albicans	VAGINAL_SMELL	ON	-0.130759976340532	0.0454491541501554	10001	1027	0.00402249594853463	0.0146734596832298
Gardnerella_piotii	VAGINAL_SMELL	YE	0.247437641545167	0.0860389359067385	10001	9242	0.00403756222342116	0.0146889328074598
Limosilactobacillus_coleohominis	VAGINAL_SMELL	FI	-0.0910156899954404	0.0316846470817113	10001	1026	0.00408033990054986	0.0148048696391608
Gardnerella_vaginalis	VAGINAL_SMELL	ME	0.464108797517622	0.161994479227474	10001	9991	0.00417924066920393	0.015123278901626
Megasphaera_hutchinsoni	DRYNESS	YES	0.112928765565094	0.0395480673849152	10001	3008	0.00430603348994342	0.0155406581006735
Escherichia_coli	BURNING_SENSATION	YES	0.148328815034064	0.0522715445849378	10001	2622	0.00455373968345705	0.0163476845250032
Escherichia_coli	VAGINAL_SMELL	SW	-0.240957871105242	0.0849060253425409	10001	2622	0.00454979107331696	0.0163476845250032
Megasphaera_hutchinsoni	VAGINAL_SMELL	CL	0.210707091933477	0.0743209585975836	10001	3008	0.00459039583794744	0.0164357972350783
Limosilactobacillus_vaginalis	VAGINAL_SMELL	CL	-0.210895270690569	0.074534617134234	10001	3008	0.00467147150837919	0.0166820706233436
Candida_albicans	VAGINAL_SWELLING	YES	0.158360923616397	0.055995910343333	10001	1027	0.00469213986707515	0.016711899736538
Pichia_kudriavzevii	VAGINAL_SMELL	VI	-0.118125720975919	0.0418090072689784	10001	1160	0.00473205197771483	0.0168099333344477
Dialister_microaerophilus	VAGINA_PAIN	YES	-0.165570036244598	0.0586348509618266	10001	3641	0.00475597744162671	0.0168508130242492
Gardnerella_spG	VAGINAL_SMELL	MU	0.153672936422869	0.0545444132132843	10001	3714	0.00485107244204624	0.017142982562127
Megasphaera_lornae	VAGINAL_SMELL	SW	0.410452189435579	0.145780173179212	10001	7418	0.00487884562969792	0.0171963468038963
Gardnerella_swidsinskii	EXTERNAL_ITCHINESS	YES	-0.195856544926038	0.0696126691840129	10001	9970	0.00490983880662288	0.0172607545611069
Anaerococcus_tetradius	ODOROUS_DISCHARGE	YES	0.0908321162938698	0.032371892482586	10001	1373	0.00502743007170052	0.0176284821893995
Pichia_kudriavzevii	DRYNESS	YES	0.0676707062488981	0.024140836635412	10001	1160	0.00507017180578919	0.0177325338671545
Lactobacillus_gasseri	VAGINAL_SMELL	ME	-0.535720945703383	0.191336743627932	10001	7727	0.00512190123692635	0.0178674035437251
Peptoniphilus_vaginalis	EXCESSIVE_DISCHARGE	YES	-0.074567352093228	0.0266407965690387	10001	1294	0.00513609646920772	0.0178709818172176
Lactobacillus_rodentium	DRYNESS	YES	-0.0580962962484798	0.0208978906653572	10001	2119	0.00544594380593726	0.0189006285029587
Lactobacillus_amylovorus	VAGINAL_SMELL	CL	-0.312943139055633	0.112608888842809	10001	4517	0.00546239991243283	0.0189093792887024
Lactobacillus_rodentium	VAGINAL_SMELL	MU	-0.065268321270713	0.0235635599327945	10001	2119	0.0056179976443676	0.0193985313063787
Prevotella_buccalis	VAGINAL_SMELL	SW	0.32290408103415	0.117263579224843	10001	4919	0.00590395443150118	0.0203341780800688
Aerococcus_christensenii	EXTERNAL_ITCHINESS	YES	-0.147894257966211	0.0537407202090617	10001	3629	0.00593401885829965	0.020385983773956
Prevotella_corporis	VAGINAL_SMELL	ME	0.205404363167421	0.0748473833216982	10001	1481	0.00607468138450531	0.0208165218150851
Peptoniphilus_vaginalis	VAGINAL_SMELL	ME	0.194599686855346	0.0709553963420241	10001	1294	0.00610703950810161	0.0208746917191282
Bifidobacterium_animalis	VAGINAL_SMELL	FI	0.0649949580612394	0.0237849798756738	10001	1689	0.00629462516755204	0.02146182500595
Streptococcus_anginosus	ODOROUS_DISCHARGE	YES	-0.149815591979448	0.0548638722962773	10001	2197	0.00633151157549037	0.0215334867366928
Streptococcus_constellatus	VAGINA_PAIN	YES	0.11035567551277	0.0404887219917954	10001	1075	0.00642985567767838	0.0218132853865239
Lactobacillus_amylovorus	VAGINAL_SMELL	MU	-0.183593765123534	0.0675655142671878	10001	4517	0.00659364047383867	0.0222576371218882
Lactobacillus_iners	VAGINAL_SMELL	OT	-0.443635992324878	0.163237482991218	10001	9992	0.0065844225544782	0.0222576371218882
Gardnerella_spA	DRYNESS	YES	0.200118504472546	0.0739922881773032	10001	7946	0.00685056118277384	0.0230104245668913
Prevotella_timonensis	DRYNESS	YES	0.210712038001352	0.0778884251559525	10001	7055	0.00683573587189853	0.0230104245668913
Lactobacillus_gasseri	VAGINAL_SMELL	ON	-0.315141833729299	0.116867907895258	10001	7727	0.00701764743590746	0.0235134507914233
Prevotella_sp	VAGINAL_SMELL	MU	0.119199780334434	0.0442883373519374	10001	1542	0.00712610984537033	0.0237959549684554
Streptococcus_constellatus	VAGINAL_SWELLING	YES	-0.154240794747146	0.0573186154394592	10001	1075	0.00713703291979464	0.0237959549684554
Prevotella_disiens	VAGINAL_SMELL	SW	0.264124070999553	0.0984916961728764	10001	3279	0.00733721438192109	0.0244034311673209
Lactobacillus_mulieris	VAGINAL_SMELL	CL	-0.367266105040359	0.137035072567767	10001	6140	0.00737236044566293	0.0244603743881775
Prevotella_disiens	DRYNESS	YES	0.144934433738326	0.0541078798022677	10001	3279	0.00740474722486847	0.0245079072784061
Candida_albicans	VAGINAL_SMELL	VI	-0.153934468630219	0.0575430531900432	10001	1027	0.00748247814521431	0.0247049217592599
Anaerococcus_tetradius	VAGINAL_SMELL	SW	0.171120397599663	0.0640531617836603	10001	1373	0.00756273192861315	0.0249092893862331
Anaerococcus_tetradius	EXTERNAL_ITCHINESS	YES	-0.0868234157592189	0.0325555643653045	10001	1373	0.00766711022361695	0.0251919335918842
Anaerococcus_vaginalis	VAGINAL_SMELL	SW	0.196386260868967	0.0737659967222264	10001	1221	0.00777361101185384	0.0254801694277432
Peptoniphilus_lacrimalis	VAGINAL_SMELL	ME	0.211027782933455	0.0795796617455471	10001	1597	0.00801952080330104	0.0262228668194687
Gardnerella_piotii	EXCESSIVE_DISCHARGE	YES	0.163635077980308	0.0620179466853538	10001	9242	0.00834001475638292	0.0272052885202202
Aerococcus_christensenii	INTERNAL_ITCHINESS	YES	0.177740338234181	0.0674746900098185	10001	3629	0.00844714975738159	0.0274886863807358
Candida_albicans	PAIN_WITH_SEX	YES	0.0881887276675968	0.0335255371126094	10001	1027	0.0085391829498043	0.02762943052812
Gardnerella_spE	ODOROUS_DISCHARGE	YES	0.137331665222984	0.05221589328736	10001	3487	0.0085497342748773	0.02762943052812
Lactobacillus_helveticus	VAGINAL_SMELL	CL	-0.139583965157425	0.0530736600260661	10001	2679	0.00855148181415652	0.02762943052812
Lactobacillus_jensenii	VAGINAL_SMELL	SW	-0.388206679538404	0.148018104713251	10001	7995	0.0087369352168804	0.0281615702833888
Clostridiales_bacterium	EXTERNAL_ITCHINESS	YES	-0.0702274088147251	0.0270262942210099	10001	1089	0.00937739549489378	0.0301543262714949
Aspergillus_flavus	VAGINAL_SMELL	ON	-0.0993081933515425	0.0385888907501296	10001	1569	0.0100821094357999	0.0323437884264313
Lactobacillus_gasseri	VULVA_PAIN	YES	0.289650551265069	0.112591898217829	10001	7727	0.0101089766241849	0.0323534935825919
Lactobacillus_jensenii	VAGINAL_SMELL	YE	-0.243680941954453	0.0948568531393361	10001	7995	0.0102156092357046	0.0326178393714144
Prevotella_sp	VAGINAL_SMELL	OT	0.180599829036129	0.0703813535780168	10001	1542	0.0103018126787901	0.0328158680871318
Limosilactobacillus_vaginalis	PAIN_WITH_SEX	YES	0.102642173322309	0.0400195655100083	10001	3008	0.0103380292532553	0.0328541117017974
Lactobacillus_iners	VAGINAL_SMELL	ME	-0.522404030111536	0.204017185190844	10001	9992	0.0104640940598387	0.0331770458859838
Lactobacillus_jensenii	VAGINAL_SMELL	OT	-0.371866802822934	0.14570767486796	10001	7995	0.0107210304106661	0.0339124435134591
Pichia_kudriavzevii	VAGINAL_SMELL	OT	-0.11003030513739	0.0432572599302539	10001	1160	0.010985794153477	0.0346691224796938
Aerococcus_christensenii	VAGINAL_SMELL	YE	0.172213267771274	0.0677598912020953	10001	3629	0.0110520962015639	0.0347974351404229
Prevotella_timonensis	VAGINAL_SMELL	SW	0.359958905910865	0.141779037247037	10001	7055	0.0111360936230725	0.0349807385335867
Prevotella_disiens	VAGINAL_SMELL	ME	0.307456536830293	0.121175289895989	10001	3279	0.0111866155501579	0.0350582847611185
Gardnerella_piotii	INTERNAL_ITCHINESS	YES	0.217101335498376	0.0856767982664987	10001	9242	0.0112934214850933	0.0353114584222847
Bifidobacterium_breve	VAGINAL_SMELL	OT	0.271649710681033	0.107238658045122	10001	1687	0.0113200144253939	0.0353132404028955
Lactobacillus_paragasseri	VAGINAL_SMELL	MU	-0.189740790335728	0.0750219710400936	10001	3026	0.0114496371058591	0.0356356824602082
Prevotella_sp	DRYNESS	YES	0.09909970962194	0.0392781410945948	10001	1542	0.0116504430623552	0.0361776916146818
Peptoniphilus_harei	VAGINAL_SMELL	OT	0.245122891827547	0.0971895166760436	10001	2620	0.0116806721049882	0.036188748964541
Pichia_kudriavzevii	PAIN_WITH_SEX	YES	0.0614135482421778	0.0243586210173503	10001	1160	0.0117101779005115	0.0361975202983921
Streptococcus_constellatus	VAGINAL_SMELL	ME	-0.191413909059155	0.0761672534687286	10001	1075	0.0119840713143447	0.0369599653944675
Dialister_microaerophilus	BURNING_SENSATION	YES	-0.138625147044454	0.0551953414325877	10001	3641	0.0120363326236034	0.0370369690934916
Anaerococcus_tetradius	EXCESSIVE_DISCHARGE	YES	-0.0742306009299424	0.029588080993323	10001	1373	0.012129906506098	0.0371563953245485
Bifidobacterium_breve	VAGINAL_SMELL	YE	-0.175188367109597	0.0698132177749993	10001	1687	0.0121098124640666	0.0371563953245485
Aspergillus_flavus	DRYNESS	YES	0.0706943992289242	0.0282105694524442	10001	1569	0.0122279305929378	0.0372883186845317
Prevotella_sp	EXTERNAL_ITCHINESS	YES	-0.0910799649986318	0.0363391431059779	10001	1542	0.0122129774581706	0.0372883186845317
Gardnerella_spE	EXTERNAL_ITCHINESS	YES	-0.131484620900149	0.0525121562084444	10001	3487	0.0122994877728632	0.0374224325286442
Streptococcus_agalactiae	VAGINAL_SMELL	MU	-0.148087860397206	0.0591709989975105	10001	1572	0.0123405076158809	0.0374632412410522
Prevotella_disiens	VAGINAL_SMELL	SO	0.164231765870418	0.0659703660417586	10001	3279	0.0128092508399462	0.0387994495308193
Prevotella_corporis	VAGINAL_SMELL	SO	0.101345978635444	0.0407484832859779	10001	1481	0.012894756588913	0.0389714581094766
Aerococcus_christensenii	VULVA_PAIN	YES	-0.190210068751629	0.0765494437942527	10001	3629	0.012978686468011	0.0391379500824243
Peptostreptococcus_anaerobius	VAGINA_PAIN	YES	-0.101819184084685	0.0410368945620816	10001	1064	0.0131118337072686	0.0394517923298527
Prevotella_bivia	VAGINAL_SMELL	OT	0.338816611956491	0.136660721449019	10001	6985	0.0131821523401361	0.039575621074258
Megasphaera_lornae	PAIN_WITH_SEX	YES	-0.200034124615346	0.0808090019766167	10001	7418	0.0133254043438291	0.0399173812242299
Gardnerella_spG	VAGINAL_SMELL	CL	0.224608651522807	0.0909071118772474	10001	3714	0.0134996297615204	0.0403502149479806
Prevotella_sp	VAGINAL_SMELL	CL	0.182314209349478	0.0738136978899478	10001	1542	0.0135307885525627	0.0403544616831375
Limosilactobacillus_vaginalis	VAGINAL_SMELL	ON	-0.133666394784539	0.0542528340642903	10001	3008	0.0137652533361194	0.0409637034585835
Gardnerella_spE	VAGINAL_SMELL	RO	0.261985388019573	0.106778937888368	10001	3487	0.0141631303901882	0.0420555097144101
Gardnerella_vaginalis	VAGINAL_SMELL	VI	0.307111679420359	0.125274939511769	10001	9991	0.0142431917013229	0.0422008976827404
Lactobacillus_amylovorus	VAGINAL_SMELL	OT	-0.262460738105734	0.107372564283257	10001	4517	0.0145268017378768	0.0429474291030476
Finegoldia_magna	VAGINAL_SMELL	OT	0.267895340647212	0.110040511077198	10001	3880	0.0149291518957154	0.0440409980923605
Prevotella_corporis	VAGINAL_SMELL	SW	0.148032302981042	0.0608362129257799	10001	1481	0.0149796498350177	0.0440941102518852
Finegoldia_magna	PAIN_WITH_SEX	YES	0.150573463775846	0.0619649767508813	10001	3880	0.0151173032406548	0.0444029880899751
Gardnerella_leopoldii	VAGINA_PAIN	YES	-0.221206318709991	0.0912990601483923	10001	8197	0.0154158565435454	0.0450847356241188
Gardnerella_vaginalis	VAGINAL_SMELL	SW	0.319075268521826	0.131669674926718	10001	9991	0.0153978458375423	0.0450847356241188
Lactobacillus_paragasseri	VULVA_PAIN	YES	0.212240380696679	0.0876823806803003	10001	3026	0.015514398142201	0.045275351137563
Peptoniphilus_lacrimalis	VAGINAL_SMELL	YE	0.0999345588965534	0.041451620368411	10001	1597	0.0159323842351446	0.046395376410067
Anaerococcus_tetradius	VAGINA_PAIN	YES	-0.10092742368006	0.0418910065841686	10001	1373	0.0160017552451589	0.0464976057123782
Gardnerella_leopoldii	EXTERNAL_ITCHINESS	YES	-0.170622526808547	0.0709529961563654	10001	8197	0.0162026901462761	0.0468011525386904
Lactobacillus_paragasseri	VAGINAL_SMELL	ON	-0.218845482606195	0.0910123779026906	10001	3026	0.0162096843722804	0.0468011525386904
Prevotella_corporis	DRYNESS	YES	0.080403356442766	0.0334212794024332	10001	1481	0.016157233483388	0.0468011525386904
Streptococcus_anginosus	INTERNAL_ITCHINESS	YES	-0.165747153238747	0.0692757141743003	10001	2197	0.0167491165196341	0.0482559471701559
Clostridiales_bacterium	VAGINAL_SMELL	ME	0.156379578316692	0.0654208669169405	10001	1089	0.0168501918891343	0.0484443016812611
Prevotella_bivia	VAGINAL_SMELL	YE	0.212549122385609	0.088967214638162	10001	6985	0.016909435932866	0.0485118489659602
Aspergillus_flavus	VAGINAL_SMELL	CL	-0.126032931590062	0.0530148930890385	10001	1569	0.0174580778116008	0.0499801932285702
Prevotella_disiens	EXTERNAL_ITCHINESS	YES	-0.118888759619011	0.050059242431059	10001	3279	0.0175695872755924	0.0501935367010082
Lactobacillus_helveticus	VAGINAL_SMELL	YE	-0.0781743716587773	0.0329447317006612	10001	2679	0.0176681472253615	0.0503690667748225
Gardnerella_swidsinskii	VAGINAL_SMELL	SW	0.324252205198761	0.136963116701119	10001	9970	0.0179305061790399	0.0510098467189877
Pichia_kudriavzevii	VAGINAL_SMELL	SW	-0.103410300990466	0.0439431734516862	10001	1160	0.0186282449011831	0.0528839504830658
Streptococcus_agalactiae	ODOROUS_DISCHARGE	YES	-0.113507731695743	0.0482766435675793	10001	1572	0.0187326453970393	0.053069310655078
Candidatus_Lachnocurva_vaginae_.BVAB.1.	DRYNESS	YES	0.130591882411265	0.0558998390910478	10001	2801	0.0195017493017691	0.0551330704218763
Porphyromonas_uenonis	VAGINAL_SMELL	ME	0.344977552227325	0.147993271923932	10001	5023	0.0197713115761778	0.0557789393115869
Peptoniphilus_harei	VAGINAL_SMELL	ON	0.172764531723276	0.0741930415351536	10001	2620	0.0199011302170246	0.0560287006317478
Gardnerella_swidsinskii	VAGINAL_SMELL	OT	0.313745027120283	0.134825245302594	10001	9970	0.0199825380395551	0.0561414163968452
Lactobacillus_kefiranofaciens	VAGINAL_SMELL	YE	-0.063724218639779	0.0274121838478509	10001	1565	0.0201097008711055	0.0563819505828309
Streptococcus_agalactiae	EXCESSIVE_DISCHARGE	YES	0.102463056336246	0.0441251076294572	10001	1572	0.0202474016115052	0.056650977292397
Prevotella_buccalis	VAGINAL_SMELL	VI	0.258500035397257	0.11156849747295	10001	4919	0.0205259148178767	0.057312070798063
Gardnerella_vaginalis	VAGINAL_SMELL	YE	0.194892740455451	0.0843800225764524	10001	9991	0.0209249505717715	0.0582899365689031
Streptococcus_agalactiae	PAIN_WITH_SEX	YES	0.122264705666768	0.0529505935068434	10001	1572	0.0209620405642039	0.0582899365689031
Fannyhessea_vaginae	VAGINAL_SMELL	OT	0.345588821335841	0.150215917221988	10001	7782	0.0214339931345074	0.0594769185495092
Gardnerella_piotii	VAGINAL_SMELL	VI	0.293680814712598	0.127737847920197	10001	9242	0.0215203883624237	0.0594769185495092
Lactobacillus_kefiranofaciens	EXTERNAL_ITCHINESS	YES	0.0499963919530546	0.0217407448027479	10001	1565	0.0214878538473266	0.0594769185495092
Peptoniphilus_vaginalis	EXTERNAL_ITCHINESS	YES	-0.0673535871378676	0.0293126873500868	10001	1294	0.0215959157232527	0.0595643447895405
Gardnerella_spD	VAGINAL_SMELL	SO	0.0814866645145972	0.0354945903143754	10001	1089	0.0217108857296584	0.0597599836412706
Escherichia_coli	EXCESSIVE_DISCHARGE	YES	0.0896259054214369	0.0392206455497266	10001	2622	0.0223236531614283	0.0613222618219801
Lactobacillus_jensenii	VAGINAL_SMELL	CL	-0.34832486618666	0.152813518725926	10001	7995	0.0226636446574858	0.0621304359600166
Gardnerella_spE	VAGINA_PAIN	YES	-0.153780502898882	0.0675702333645064	10001	3487	0.0228753930431078	0.0625844926602767
Aspergillus_flavus	PAIN_WITH_SEX	YES	0.064496497934801	0.0284650685621941	10001	1569	0.0234842223411738	0.0641209048631245
Sneathia_sanguinegens	VAGINAL_SMELL	VI	0.162345046839704	0.0717742447508767	10001	1822	0.0237259699658835	0.064650886031534
Prevotella_buccalis	DRYNESS	YES	0.1453657592491	0.0644204932641702	10001	4919	0.0240599953041882	0.0652988272555667
Sneathia_vaginalis	VAGINAL_SMELL	CL	0.271610044578193	0.120336528538138	10001	4113	0.024024159690511	0.0652988272555667
Coriobacteriales_bacterium	PAIN_WITH_SEX	YES	-0.160962168466987	0.0715046697100219	10001	5783	0.0244026452020583	0.0660965859065731
Gardnerella_spA	EXCESSIVE_DISCHARGE	YES	0.139970227724546	0.0622159568378199	10001	7946	0.0244866491634292	0.0661776066365302
Lactobacillus_crispatus	VAGINAL_SMELL	VI	-0.37528242454786	0.166861541064316	10001	9982	0.0245300929537028	0.0661776066365302
Peptoniphilus_harei	VAGINAL_SMELL	SO	0.148314054220321	0.0661303940460005	10001	2620	0.0249346972226842	0.0671356827999653
Lactobacillus_gasseri	VAGINA_PAIN	YES	0.228002621295825	0.101710116444561	10001	7727	0.0250032613734285	0.0671869815519652
Aerococcus_christensenii	VULVA_REDNESS	YES	0.186930081734509	0.0836475169159343	10001	3629	0.0254567650276364	0.0682704153013885
Streptococcus_constellatus	INTERNAL_ITCHINESS	YES	-0.0881979395372548	0.0395071696002609	10001	1075	0.0256070747257513	0.0685380678557091
Bifidobacterium_breve	VULVA_REDNESS	YES	0.191937670971682	0.0861822858801975	10001	1687	0.0259619629175893	0.0690791836846445
Corynebacterium_pseudogenitalium	INTERNAL_ITCHINESS	YES	-0.0845924853148585	0.0379749845846474	10001	1016	0.0259304536168086	0.0690791836846445
Lactobacillus_paragasseri	VAGINAL_SMELL	SW	-0.26985649463316	0.121112542007462	10001	3026	0.0258929453608577	0.0690791836846445
Gardnerella_piotii	VULVA_PAIN	YES	-0.216238853789242	0.0971995759064402	10001	9242	0.026124386564712	0.0693753279223371
Clostridiales_bacterium	VAGINAL_SMELL	SO	0.0791605220184618	0.0356164903008215	10001	1089	0.0262664203262654	0.0696162741850433
Finegoldia_magna	VAGINAL_SMELL	SO	0.166287695854092	0.0748745606258594	10001	3880	0.0263812039886205	0.0697698919020225
Limosilactobacillus_coleohominis	VAGINAL_SMELL	ME	0.159978845352093	0.0720558753348959	10001	1026	0.0264272103446128	0.0697698919020225
Lactobacillus_gasseri	EXTERNAL_ITCHINESS	YES	0.174626962832979	0.0790439407527841	10001	7727	0.0271806502149373	0.0716196938673203
Gardnerella_spD	BURNING_SENSATION	YES	0.071767399743191	0.0326241881511301	10001	1089	0.0278423897498164	0.0732211683924434
Limosilactobacillus_coleohominis	VAGINAL_SMELL	RO	-0.133027055882836	0.060529257888674	10001	1026	0.0279911416193656	0.0734699790666906
Lactobacillus_crispatus	VULVA_PAIN	YES	0.2784905644348	0.126969972413182	10001	9982	0.0283046128029678	0.0741493428062304
Dialister_microaerophilus	PAIN_WHILE_PEEING	YES	-0.137786988071974	0.0628976831732537	10001	3641	0.0284999796250022	0.0743739852906306
Streptococcus_agalactiae	DRYNESS	YES	0.114991963891986	0.0524771753986532	10001	1572	0.0284548821261742	0.0743739852906306
Peptostreptococcus_anaerobius	VAGINAL_SMELL	YE	0.0875832965860668	0.0402113022941541	10001	1064	0.0294236722758497	0.0766370888259656
Prevotella_buccalis	INTERNAL_ITCHINESS	YES	-0.162911436439518	0.0748316321788834	10001	4919	0.0295009642351993	0.0766912039600871
Lactobacillus_helveticus	VAGINAL_SMELL	MU	-0.0691818175747801	0.0318442813045484	10001	2679	0.0298411567256272	0.077279484115794
Streptococcus_agalactiae	VAGINAL_SMELL	VI	-0.197448309397155	0.0908841164385894	10001	1572	0.02983930409671	0.077279484115794
Lactobacillus_gasseri	VAGINAL_SMELL	OT	-0.332087538562572	0.153091654530685	10001	7727	0.0300904833697558	0.0777767351100163
Gardnerella_spA	VAGINAL_SMELL	SW	0.291671416774213	0.134686962285841	10001	7946	0.030369171065882	0.0783478424646422
Lactobacillus_iners	VAGINAL_SMELL	ON	-0.268604056465155	0.124613083487498	10001	9992	0.0311462209829885	0.0802000415064808
Fannyhessea_vaginae	VAGINAL_SMELL	YE	0.210516291667459	0.097791754703582	10001	7782	0.0313661810157757	0.0805663618685665
Gardnerella_leopoldii	INTERNAL_ITCHINESS	YES	0.191728382701569	0.0890857324258808	10001	8197	0.03140722581317	0.0805663618685665
Lactobacillus_amylovorus	VAGINAL_SMELL	ME	-0.288202388815051	0.13419619030129	10001	4517	0.0317679895307501	0.081338041119298
Porphyromonas_uenonis	DRYNESS	YES	0.141778643352548	0.0660827977030445	10001	5023	0.0319393693930855	0.0813554922019992
Streptococcus_anginosus	PAIN_WITH_SEX	YES	0.129146291172466	0.060175571155955	10001	2197	0.0318844115360722	0.0813554922019992
Streptococcus_anginosus	EXCESSIVE_DISCHARGE	YES	-0.107576849287132	0.0501458695373718	10001	2197	0.0319546627440424	0.0813554922019992
Megasphaera_hutchinsoni	VAGINAL_SMELL	MU	0.0952261779132822	0.0445926945916824	10001	3008	0.0327472549545897	0.0832172752310454
Prevotella_bivia	VAGINAL_SMELL	VI	0.281823426888971	0.132085321762365	10001	6985	0.0328960227124996	0.0834390706931999
Gardnerella_piotii	VAGINAL_SMELL	ON	-0.215123891860172	0.10089101670988	10001	9242	0.033011448066399	0.0835756250487004
Aspergillus_flavus	VAGINAL_SWELLING	YES	0.101186596137469	0.0475436805612265	10001	1569	0.0333377343272444	0.0842445167263886
Prevotella_amnii	VAGINAL_SMELL	OT	0.26763867517518	0.125905515468525	10001	5524	0.0335518657594232	0.0846280331515562
Gardnerella_spB	VAGINAL_SMELL	VI	0.213288894980342	0.100663308769142	10001	4636	0.0341290946043512	0.0856066199225593
Lactobacillus_paragasseri	VAGINA_PAIN	YES	0.167895903907595	0.0792080539567408	10001	3026	0.034057476394362	0.0856066199225593
Prevotella_corporis	EXCESSIVE_DISCHARGE	YES	-0.0595468312841461	0.0281020756079866	10001	1481	0.0341195177635219	0.0856066199225593
Limosilactobacillus_portuensis	VULVA_PAIN	YES	-0.112223560981273	0.0530848660725239	10001	1764	0.0345365462964115	0.0864688068712739
Peptostreptococcus_anaerobius	VAGINAL_SMELL	CL	0.136703699188855	0.0647800384764545	10001	1064	0.0348594963913983	0.0871166419947099
Anaerococcus_tetradius	PAIN_WHILE_PEEING	YES	-0.0945175077056676	0.0449365388794985	10001	1373	0.035459694865408	0.088443716557404
Megasphaera_hutchinsoni	VAGINAL_SMELL	YE	0.0970032721033419	0.0461336949351301	10001	3008	0.0355208736358034	0.088443716557404
Gardnerella_piotii	DRYNESS	YES	0.15464467872324	0.0737567983607358	10001	9242	0.0360466967614589	0.0895885851745417
Streptococcus_agalactiae	VAGINAL_SMELL	SO	-0.13375879358299	0.0639821497818443	10001	1572	0.0365923889049925	0.0907785589471203
Streptococcus_anginosus	VAGINAL_SMELL	FI	0.122555981616144	0.0587290351886355	10001	2197	0.036931184143484	0.0914518556253791
Gardnerella_vaginalis	VAGINAL_SMELL	CL	0.283564509764487	0.135935440965347	10001	9991	0.0370018431503046	0.0914599292440134
Gardnerella_spD	VAGINAL_SMELL	CL	0.113561062022913	0.0547091324154484	10001	1089	0.0379450338247977	0.0936207470913644
Bifidobacterium_breve	VAGINAL_SMELL	SW	-0.225975189823568	0.108939099674851	10001	1687	0.0380746419371753	0.0937700346801213
Lactobacillus_helveticus	VAGINAL_SMELL	ON	0.0800050052644536	0.0386316664831462	10001	2679	0.038387293093963	0.0943687621893258
Megasphaera_lornae	EXCESSIVE_DISCHARGE	YES	-0.138947395495159	0.0673402444334528	10001	7418	0.0391039233773427	0.0959566438029912
Gardnerella_vaginalis	EXCESSIVE_DISCHARGE	YES	0.125289007038407	0.0608221811009813	10001	9991	0.0394317856395584	0.0965865218644057
Lactobacillus_amylovorus	VAGINAL_SMELL	SW	-0.224456252982296	0.109075129212046	10001	4517	0.039633979452743	0.0969068650763465
Lactobacillus_iners	EXCESSIVE_DISCHARGE	YES	0.157222090457441	0.0765999572612932	10001	9992	0.0401462650125512	0.0976316874946809
Megasphaera_hutchinsoni	VAGINAL_SMELL	SW	0.147806759030961	0.0719887057362809	10001	3008	0.0400798082016964	0.0976316874946809
Porphyromonas_uenonis	VAGINAL_SMELL	YE	-0.158330238547086	0.0770870444823562	10001	5023	0.0400099182970301	0.0976316874946809
Peptostreptococcus_anaerobius	VAGINAL_SMELL	SW	0.128294989483525	0.0627471875425737	10001	1064	0.0409172115758348	0.0993285440221965
Lactobacillus_gasseri	VAGINAL_SMELL	SW	-0.317664045930101	0.15551916926533	10001	7727	0.0411179035989596	0.0996374913996217
Peptoniphilus_lacrimalis	VAGINAL_SMELL	ON	0.0982528948957027	0.0486070181966697	10001	1597	0.0432678568520178	0.104660395273063
Candidatus_Lachnocurva_vaginae_.BVAB.1.	EXTERNAL_ITCHINESS	YES	-0.104411627215842	0.0517171178605055	10001	2801	0.0435244353547446	0.104907031574402
Dialister_microaerophilus	VULVA_REDNESS	YES	0.143202923923825	0.0709267122755261	10001	3641	0.0435111411933282	0.104907031574402
Gardnerella_spG	VAGINA_PAIN	YES	-0.116194379121236	0.0575878874540324	10001	3714	0.0436505040191375	0.105024350982216
Prevotella_bivia	EXTERNAL_ITCHINESS	YES	-0.142225772350192	0.0705603581237916	10001	6985	0.0438621802723271	0.105346864831058
Prevotella_sp	VAGINAL_SMELL	SO	0.0964443515597834	0.0478893897694667	10001	1542	0.0440470252666174	0.105603910400706
Bifidobacterium_animalis	DRYNESS	YES	0.0485366261342755	0.0241529266106642	10001	1689	0.0445052213117947	0.106514259823819
Lactobacillus_crispatus	PAIN_WHILE_PEEING	YES	0.24578435847194	0.123037318833394	10001	9982	0.0457827286142993	0.109362135795022
Streptococcus_agalactiae	VAGINAL_SMELL	FI	-0.103198515660843	0.0516777358251098	10001	1572	0.0458563413908382	0.109362135795022
Gardnerella_swidsinskii	VAGINAL_SMELL	CL	0.281626983563617	0.141400376928985	10001	9970	0.0464313132342827	0.110345520243295
Peptoniphilus_vaginalis	INTERNAL_ITCHINESS	YES	-0.0733260571040267	0.0368038330079604	10001	1294	0.0463600498716602	0.110345520243295
Megasphaera_lornae	INTERNAL_ITCHINESS	YES	-0.184527749197434	0.093029467209113	10001	7418	0.0473344148651187	0.112295106594346
Gardnerella_spD	EXTERNAL_ITCHINESS	YES	-0.053312095788117	0.0269337947952831	10001	1089	0.0478011790811272	0.113204537544659
Prevotella_amnii	VAGINAL_SMELL	VI	0.24053364166729	0.12169019997835	10001	5524	0.0481136199274019	0.113745962093178
Coriobacteriales_bacterium	VAGINAL_SMELL	YE	0.162901852330095	0.0826660140502865	10001	5783	0.0487969663053765	0.115160840480689
Bifidobacterium_breve	VAGINA_PAIN	YES	0.139992205414116	0.0712465772910018	10001	1687	0.0494538348523454	0.116508426900404
Streptococcus_constellatus	ODOROUS_DISCHARGE	YES	-0.061422698214535	0.03128825640516	10001	1075	0.0496596127632824	0.116790458439817
Coriobacteriales_bacterium	VAGINA_PAIN	YES	-0.16540150199003	0.0843632588080177	10001	5783	0.0499550125087318	0.117281923831054
Porphyromonas_uenonis	INTERNAL_ITCHINESS	YES	-0.150330508795036	0.0767625853280477	10001	5023	0.0502129615711687	0.117683918570079
Escherichia_coli	VAGINAL_SMELL	ON	-0.124522033248977	0.0638042859691164	10001	2622	0.05101069646114	0.119142022543489
Lactobacillus_rodentium	EXTERNAL_ITCHINESS	YES	0.0377337585379919	0.0193342001005746	10001	2119	0.0510066881591383	0.119142022543489
Gardnerella_leopoldii	VAGINAL_SMELL	CL	0.280966397593537	0.144122909211115	10001	8197	0.0512647267749161	0.119529612085157
Clostridiales_bacterium	VAGINAL_SMELL	YE	0.0663178138224404	0.0340765577552244	10001	1089	0.051665744767743	0.120258002829892
Gardnerella_leopoldii	VAGINAL_SMELL	SW	0.271534203430186	0.139600213679066	10001	8197	0.0517928720539716	0.120347478385684
Fannyhessea_vaginae	VAGINA_PAIN	YES	-0.193705016863148	0.0997995513165775	10001	7782	0.0522935906686188	0.12130325220054
Gardnerella_vaginalis	VAGINAL_SMELL	ON	-0.191029374564726	0.0989457409953176	10001	9991	0.0535549281115144	0.124017128749701
Aerococcus_christensenii	VAGINAL_SMELL	SW	0.203591987693566	0.105735013753593	10001	3629	0.0541961484673914	0.12507977372686
Megasphaera_hutchinsoni	VAGINAL_SMELL	VI	0.131860897436291	0.0684924661784303	10001	3008	0.0542341940215117	0.12507977372686
Pichia_kudriavzevii	VAGINAL_SWELLING	YES	0.078307842898061	0.0406849010052627	10001	1160	0.0542903365697276	0.12507977372686
Escherichia_coli	VAGINAL_SWELLING	YES	0.151018658313278	0.0786104635708564	10001	2622	0.054747408438698	0.125919039409005
Anaerococcus_tetradius	VAGINAL_SMELL	OT	0.120990291579688	0.0630533493826235	10001	1373	0.0550310718614107	0.126357300365371
Prevotella_timonensis	INTERNAL_ITCHINESS	YES	-0.173131426163452	0.0904761464393267	10001	7055	0.0557051394342873	0.127688976710013
Gardnerella_spB	VAGINAL_SWELLING	YES	0.187085676654227	0.097956804517899	10001	4636	0.0561773968568369	0.128554346601564
Lactobacillus_rodentium	VAGINAL_SMELL	ME	-0.0893331132453094	0.0468010938303892	10001	2119	0.0563188064433679	0.128660977009512
Corynebacterium_pseudogenitalium	VAGINAL_SMELL	ON	0.0852307561531838	0.0447184638292582	10001	1016	0.0566865624870898	0.129283471084001
Aerococcus_christensenii	VAGINAL_SMELL	RO	0.208122786289728	0.10927711675943	10001	3629	0.0568684493636336	0.129374602626078
Prevotella_amnii	VAGINAL_SMELL	CL	0.251436948842141	0.13204565142627	10001	5524	0.0569171980602567	0.129374602626078
Streptococcus_agalactiae	PAIN_WHILE_PEEING	YES	0.127279689269164	0.0670144716381105	10001	1572	0.0575556159561053	0.130606974669624
Porphyromonas_uenonis	ODOROUS_DISCHARGE	YES	0.115364885804984	0.0607932047870893	10001	5023	0.0577696108676202	0.130672681209519
Streptococcus_constellatus	PAIN_WHILE_PEEING	YES	0.0824173005545672	0.0434323063187771	10001	1075	0.0577771619202002	0.130672681209519
Prevotella_bivia	PAIN_WITH_SEX	YES	0.144867623127858	0.0769550990308132	10001	6985	0.0597978531195873	0.135017781502962
Gardnerella_piotii	VAGINAL_SMELL	OT	0.248463765675997	0.132162652293232	10001	9242	0.0601392745651201	0.135563115589482
Gardnerella_swidsinskii	VAGINAL_SMELL	VI	0.244380740808012	0.130311297340299	10001	9970	0.0607722421927873	0.136762740722409
Lactobacillus_jensenii	PAIN_WHILE_PEEING	YES	0.19449877348767	0.103842201260601	10001	7995	0.0610945030820766	0.137260332255593
Anaerococcus_tetradius	PAIN_WITH_SEX	YES	0.0664729826367865	0.0355060085627779	10001	1373	0.0612134921056525	0.137300345103092
Gardnerella_spB	VAGINAL_SMELL	CL	0.202226153516212	0.109229438225181	10001	4636	0.0641431752452046	0.14363413994677
Mageeibacillus_indolicus	INTERNAL_ITCHINESS	YES	-0.0777962905545926	0.0420658637988094	10001	1541	0.064430723405425	0.144040348700431
Lactobacillus_helveticus	VAGINAL_SMELL	SO	-0.0635064500022235	0.0344335165983681	10001	2679	0.0651660331934355	0.145444583953112
Lactobacillus_iners	VAGINAL_SMELL	SW	-0.304257173127751	0.165825876175826	10001	9992	0.0665652144017306	0.148080321218276
Prevotella_disiens	VAGINAL_SMELL	OT	0.177921235090436	0.0969543291407012	10001	3279	0.0665200983143074	0.148080321218276
Clostridiales_bacterium	VAGINAL_SMELL	VI	0.092586729092384	0.0505918176033573	10001	1089	0.0672688144507173	0.149400623911004
Clostridiales_bacterium	EXCESSIVE_DISCHARGE	YES	-0.0449154004992586	0.0245628112413507	10001	1089	0.067490344475191	0.149616336308928
Lactobacillus_mulieris	VULVA_PAIN	YES	0.175589527802159	0.0960965974182843	10001	6140	0.0676967063328533	0.149616336308928
Peptoniphilus_lacrimalis	BURNING_SENSATION	YES	-0.0727797953457833	0.0398212107575019	10001	1597	0.0676298375962865	0.149616336308928
Mageeibacillus_indolicus	EXCESSIVE_DISCHARGE	YES	-0.0556160313116458	0.0304497664610796	10001	1541	0.0678071563728187	0.149616766175471
Lactobacillus_iners	VULVA_REDNESS	YES	0.238419434850063	0.131185709351134	10001	9992	0.0691829236672697	0.152404589961826
Bifidobacterium_breve	BURNING_SENSATION	YES	0.121448909974249	0.067067266224319	10001	1687	0.0701937907707424	0.154380833186219
Candidatus_Lachnocurva_vaginae_.BVAB.1.	VAGINAL_SMELL	RO	0.190156352848859	0.105162296019075	10001	2801	0.0706026813429808	0.155028865020105
Candida_albicans	VAGINAL_SMELL	SO	-0.0731256990439896	0.0405101396413721	10001	1027	0.0710859033093277	0.155837755720126
Finegoldia_magna	INTERNAL_ITCHINESS	YES	-0.128319902856295	0.0713357253741065	10001	3880	0.0720778725515717	0.157757537181424
Clostridiales_bacterium	DRYNESS	YES	0.0523920964366855	0.0292120976705758	10001	1089	0.0729221946182432	0.159175937807656
Prevotella_sp	VAGINAL_SMELL	ME	0.157742754971895	0.0879639001030236	10001	1542	0.0729605256568624	0.159175937807656
Limosilactobacillus_vaginalis	VAGINAL_SMELL	OT	-0.126981538115775	0.0710687500055601	10001	3008	0.0740095090286879	0.161205302972599
Mageeibacillus_indolicus	VAGINAL_SMELL	SW	0.117462628765621	0.0659185642301826	10001	1541	0.0747901586724498	0.162644623907876
Coriobacteriales_bacterium	DRYNESS	YES	0.125792460286916	0.0708653642137292	10001	5783	0.0759133670670756	0.164823102576035
Streptococcus_agalactiae	VAGINA_PAIN	YES	0.110554145008658	0.062472627902089	10001	1572	0.0768174470634322	0.166519609688622
Gardnerella_spB	VAGINAL_SMELL	ON	-0.140434027155672	0.0795067689996167	10001	4636	0.0773735311285946	0.167457546637166
Porphyromonas_uenonis	EXTERNAL_ITCHINESS	YES	-0.107828867346987	0.0611381337215266	10001	5023	0.0778143681211485	0.168143467421017
Lactobacillus_helveticus	VAGINAL_SMELL	ME	-0.111429913550746	0.0632479642951272	10001	2679	0.0781346515365089	0.168567125810878
Mageeibacillus_indolicus	VAGINAL_SMELL	YE	0.0742669659766369	0.0422436672760515	10001	1541	0.0787677016011191	0.169663128686855
Candida_albicans	VULVA_PAIN	YES	-0.076722148649793	0.0437862423510391	10001	1027	0.0797705547802399	0.17155093951947
Limosilactobacillus_portuensis	VAGINAL_SMELL	ME	-0.157973142959489	0.0902115122936371	10001	1764	0.0799522295797965	0.171669581550291
Gardnerella_spD	DRYNESS	YES	0.0508800974341019	0.0291121171761467	10001	1089	0.0805416906983818	0.172662044672518
Finegoldia_magna	VAGINAL_SWELLING	YES	-0.180613240314758	0.103496784284599	10001	3880	0.0809965653113282	0.173363310926613
Peptoniphilus_harei	PAIN_WITH_SEX	YES	0.0954120754048286	0.0547284457542685	10001	2620	0.0812993460566009	0.173737342675287
Sneathia_sanguinegens	INTERNAL_ITCHINESS	YES	-0.0837290625635998	0.0481406849134717	10001	1822	0.0820202652656159	0.175002358436228
Prevotella_buccalis	VAGINA_PAIN	YES	-0.133294775740139	0.0766908179487271	10001	4919	0.0822275735571562	0.17516925795457
Lactobacillus_iners	VULVA_PAIN	YES	-0.208137503334346	0.120053690232983	10001	9992	0.083001596975921	0.176541014257562
Aerococcus_christensenii	VAGINAL_SMELL	MU	0.113311174947714	0.0654965126506648	10001	3629	0.0836551771679746	0.177652700183007
Limosilactobacillus_coleohominis	EXCESSIVE_DISCHARGE	YES	-0.0467504581098241	0.0270539806042074	10001	1026	0.0840113499221915	0.178130315381897
Pichia_kudriavzevii	VAGINAL_SMELL	CL	-0.0781429594650563	0.0453668216610715	10001	1160	0.0850155222670147	0.17997825852783
Streptococcus_constellatus	VULVA_REDNESS	YES	0.0841801025225924	0.0489765367867216	10001	1075	0.0856846766017606	0.181112314873192
Sneathia_sanguinegens	VAGINA_PAIN	YES	-0.0847142607450911	0.0493367362855399	10001	1822	0.0859987849026258	0.18149354760943
Candida_albicans	VAGINAL_SMELL	OT	-0.101636473882871	0.0595363289304655	10001	1027	0.0878283182383416	0.18502642671572
Peptostreptococcus_anaerobius	VAGINAL_SMELL	VI	0.101877874981047	0.0596997761884389	10001	1064	0.0879455012760793	0.18502642671572
Gardnerella_vaginalis	VULVA_PAIN	YES	-0.162488615437788	0.0953254747164379	10001	9991	0.0883064291817846	0.185498180185266
Gardnerella_spB	DRYNESS	YES	0.0989286663034248	0.0581237549253886	10001	4636	0.0887799576017683	0.185943108181018
Lactobacillus_amylovorus	VULVA_REDNESS	YES	-0.14686275541065	0.0862898995514843	10001	4517	0.088792287473323	0.185943108181018
Lactobacillus_jensenii	EXCESSIVE_DISCHARGE	YES	0.116094782802183	0.0683740122856988	10001	7995	0.0895507887409381	0.186954492802235
Limosilactobacillus_vaginalis	VAGINAL_SMELL	SW	-0.122593259619507	0.0721956594921689	10001	3008	0.089525796496136	0.186954492802235
Gardnerella_leopoldii	VAGINAL_SMELL	ON	-0.177989060522241	0.10490529875818	10001	8197	0.0897913656930091	0.187168791467609
Gardnerella_spE	EXCESSIVE_DISCHARGE	YES	0.0808172325036155	0.0477256027140277	10001	3487	0.0904157657357623	0.187982468532465
Prevotella_corporis	VULVA_REDNESS	YES	0.0814874973646067	0.0481278430782597	10001	1481	0.0904587707823873	0.187982468532465
Aspergillus_flavus	VAGINAL_SMELL	SW	-0.0868102606111942	0.0513512421024029	10001	1569	0.0909599055471298	0.188734849889075
Tissierellia_bacterium	VAGINA_PAIN	YES	-0.0693627648290906	0.0412493643366029	10001	1571	0.0926879186648054	0.192026726149833
Finegoldia_magna	VAGINAL_SMELL	SW	0.1875277547628	0.111785380599098	10001	3880	0.0934624770232769	0.192943352520313
Prevotella_timonensis	EXCESSIVE_DISCHARGE	YES	-0.109835743091434	0.0654919994642762	10001	7055	0.0935569093281991	0.192943352520313
Tissierellia_bacterium	EXCESSIVE_DISCHARGE	YES	-0.0488627256131705	0.0291348819814643	10001	1571	0.0935501272535	0.192943352520313
Gardnerella_spB	BURNING_SENSATION	YES	0.109185694518758	0.0651357750885175	10001	4636	0.0937149997404135	0.192976107204463
Gardnerella_spE	VAGINAL_SMELL	ME	0.212766268188788	0.12711290548164	10001	3487	0.0941940096041529	0.193083490986156
Lactobacillus_mulieris	VAGINAL_SMELL	ON	-0.167078929918514	0.0997461493579244	10001	6140	0.0939574473160478	0.193083490986156
Lactobacillus_rodentium	VAGINAL_SMELL	VI	-0.0605986692860959	0.0361926173450254	10001	2119	0.0940955618327323	0.193083490986156
Lactobacillus_helveticus	DRYNESS	YES	-0.0472216328191151	0.0282418408303897	10001	2679	0.0945467774482329	0.193514294113502
Gardnerella_spA	VAGINAL_SMELL	YE	0.144167973880764	0.0863136399839848	10001	7946	0.0948952833964759	0.193643457998523
Gardnerella_spE	VAGINAL_SMELL	SO	0.115615174826212	0.0692029283400363	10001	3487	0.0948184755679441	0.193643457998523
Prevotella_corporis	BURNING_SENSATION	YES	-0.0624078964082817	0.0374532055116162	10001	1481	0.0956870872567245	0.194966032143206
Streptococcus_agalactiae	VAGINAL_SMELL	ON	-0.118999525955891	0.0717828823607303	10001	1572	0.0973952890527583	0.198149036348715
Prevotella_sp	PAIN_WITH_SEX	YES	0.0656258480877334	0.0396324853044149	10001	1542	0.0977816171654129	0.198637207325547
Peptoniphilus_harei	ODOROUS_DISCHARGE	YES	0.0825502524075468	0.0498975647618558	10001	2620	0.0980788568082627	0.198943211791947
Gardnerella_spB	VAGINAL_SMELL	MU	0.108219081319967	0.0655378384658634	10001	4636	0.0987198641292455	0.19994456063192
Streptococcus_anginosus	VAGINAL_SMELL	ME	-0.217725390341371	0.13355907128073	10001	2197	0.103094925732165	0.208494507032113
Finegoldia_magna	VAGINAL_SMELL	ON	0.136707589260197	0.0840033008509911	10001	3880	0.103682188822249	0.2093701342735
Gardnerella_spG	VAGINAL_SMELL	VI	0.135276875876812	0.0837778791221563	10001	3714	0.106405399829569	0.214549966669726
Limosilactobacillus_vaginalis	DRYNESS	YES	0.0639521955047	0.0396617605121872	10001	3008	0.10689792984683	0.215223280121881
Aerococcus_christensenii	VAGINAL_SMELL	OT	0.167743496167522	0.104084585031094	10001	3629	0.10707901240369	0.2152684738249
Sneathia_sanguinegens	PAIN_WITH_SEX	YES	-0.0673387445203482	0.0418168653334751	10001	1822	0.107358554862006	0.215511181875358
Bifidobacterium_breve	PAIN_WITH_SEX	YES	0.0970989815723989	0.0603872236462072	10001	1687	0.107880146444316	0.216238343759139
Megasphaera_hutchinsoni	VAGINAL_SMELL	OT	0.113485316001216	0.0708650266121681	10001	3008	0.109313570260517	0.218788369975696
Gardnerella_leopoldii	VAGINAL_SMELL	YE	0.142461863568545	0.0894622789072209	10001	8197	0.111321187887814	0.222478427045308
Aerococcus_christensenii	VAGINAL_SMELL	VI	0.159992899600329	0.100599834089585	10001	3629	0.111778764371186	0.222736832968723
Finegoldia_magna	VULVA_REDNESS	YES	0.140651952094583	0.0884339934584765	10001	3880	0.111759723712355	0.222736832968723
Lactobacillus_helveticus	VAGINA_PAIN	YES	0.0532976117758316	0.0336211314740893	10001	2679	0.1129431749112	0.224727109024191
Sneathia_vaginalis	VAGINAL_SMELL	OT	0.181492050567555	0.114740867962221	10001	4113	0.113736992638434	0.225975254773581
Gardnerella_vaginalis	INTERNAL_ITCHINESS	YES	0.132688721633515	0.0840248672977732	10001	9991	0.114331030542905	0.226823404161874
Bifidobacterium_animalis	VULVA_REDNESS	YES	0.0545157268563927	0.0347810820705487	10001	1689	0.117053885754531	0.231615212787707
Prevotella_bivia	VAGINAL_SMELL	SW	0.217577863759263	0.138827697277855	10001	6985	0.11708771995016	0.231615212787707
Candidatus_Lachnocurva_vaginae_.BVAB.1.	INTERNAL_ITCHINESS	YES	-0.101517135003276	0.0649339361710014	10001	2801	0.11799235873212	0.233064964773635
Lactobacillus_mulieris	VAGINAL_SMELL	YE	-0.132899257305881	0.0850626035044212	10001	6140	0.118232573701817	0.233200003653147
Dialister_microaerophilus	PAIN_WITH_SEX	YES	0.0774068801314133	0.0496977678525062	10001	3641	0.119371095793249	0.235103885328649
Clostridiales_bacterium	PAIN_WITH_SEX	YES	-0.0458631442949974	0.0294756319768796	10001	1089	0.119747386641057	0.235162378685838
Streptococcus_agalactiae	VAGINAL_SMELL	SW	-0.148638698291761	0.0955233513910163	10001	1572	0.119728948658027	0.235162378685838
Lactobacillus_amylovorus	PAIN_WHILE_PEEING	YES	0.118753932304325	0.0765217305146954	10001	4517	0.120718313090956	0.236726518590213
Dialister_microaerophilus	EXTERNAL_ITCHINESS	YES	-0.070544528850686	0.0455680304721822	10001	3641	0.121626448447512	0.238163189817134
Mageeibacillus_indolicus	VAGINAL_SMELL	VI	0.0968123505076875	0.0627171302065934	10001	1541	0.122708522954982	0.239935829466731
Sneathia_sanguinegens	VAGINAL_SMELL	SW	0.116284605920435	0.075438004690242	10001	1822	0.123236781312284	0.240622032001107
Gardnerella_spG	VAGINAL_SMELL	SW	0.135385894860948	0.0880543718724195	10001	3714	0.124196240402356	0.242146980209767
